track_id,track_name,artist_name,track_genre,danceability,energy,key,loudness,mode,speechiness,acousticness,instrumentalness,liveness,valence,tempo,duration_ms,time_signature,popularity,lyrics
track_0000,Song 0,Artist 0,country,0.7194126736329803,0.4214958157751022,10,-1.462268058488064,0,0.12989174161566286,0.8447220606616753,0.19948906251084741,0.18951667728699617,0.8843327578791204,152.87240406510367,78305,3,24,hotel california welcome to the hotel california
track_0001,Song 1,Artist 0,rock,0.642040917069199,0.39509603363016466,7,-18.073420189355225,0,0.9296633214624941,0.23468360709700098,0.7143906368336983,0.5644535734061806,0.3394616497360844,91.27878460159238,155626,5,91,sweet child of mine she's got eyes of the bluest skies
track_0002,Song 2,Artist 0,rock,0.5112701691255409,0.6917927633014641,9,-28.51520152827373,1,0.9426703759726719,0.34354949534060186,0.2774479513222008,0.05054642954923083,0.6810375783334689,137.17984883014006,249436,5,73,we are the champions my friends
track_0003,Song 3,Artist 0,country,0.8919011586972361,0.866606327627895,3,-4.9858014945721365,0,0.8193744311913755,0.8069269198363739,0.6189740479208288,0.6524283833942822,0.5322121697108793,179.7539642514139,113361,5,80,bohemian rhapsody is this the real life
track_0004,Song 4,Artist 0,reggae,0.18907845479982965,0.47122112312801057,1,-58.64099147135377,1,0.9880996213621676,0.3313691381345739,0.09042997313789913,0.3424422014856071,0.7141172798499944,92.2168684525112,145502,4,90,nothing else matters nothing else matters
track_0005,Song 5,Artist 0,hip-hop,0.8253669026198548,0.5543854494306214,5,-23.18356173151504,0,0.2146628054933737,0.5591042512780873,0.5826112440488107,0.724533281218433,0.05659535845844654,52.887146539492484,278634,4,89,imagine all the people living life in peace
track_0006,Song 6,Artist 0,classical,0.7375648225227824,0.2610147562856393,7,-44.9726104379443,0,0.4599739207044917,0.07716001330989075,0.9949282632408432,0.9725121332895128,0.9674359227501749,187.64592570856723,104406,4,73,we are the champions my friends
track_0007,Song 7,Artist 0,classical,0.07573353607478095,0.4478861796305428,2,-2.4760122512234517,1,0.13761508039999282,0.6992486036671093,0.8153063046138328,0.12073525043235855,0.15773738019663253,112.67626939326868,86561,4,91,bohemian rhapsody is this the real life
track_0008,Song 8,Artist 0,hip-hop,0.3090457368974835,0.46669893790148587,10,-4.593201063561743,1,0.5649422572884935,0.4119142873725855,0.9282963179804234,0.8235227897795034,0.7769630571645356,124.07080012411978,297841,4,74,smells like teen spirit with the lights out
track_0009,Song 9,Artist 0,reggae,0.07369181168839278,0.44017804905803093,9,-24.34101005471181,0,0.966721057736173,0.6441083189455585,0.5279406319763654,0.5702212194775222,0.4676585312249594,71.10090790489758,110692,4,38,yesterday all my troubles seemed so far away
track_0010,Song 10,Artist 1,reggae,0.19469594582466032,0.782869435075589,7,-24.799836595258817,1,0.2921740112794957,0.8133758416010508,0.965083650901247,0.9055043177846627,0.36009521993068605,140.24865997028058,173215,5,12,stairway to heaven and she's buying a stairway to heaven
track_0011,Song 11,Artist 1,classical,0.5585374800522539,0.9354722353874576,6,-57.472854724997156,0,0.16347149835474994,0.9159602158079542,0.4430605543321291,0.39410808682325404,0.12146347824365522,71.26756976556267,119842,4,21,bohemian rhapsody is this the real life
track_0012,Song 12,Artist 1,reggae,0.6284350935004724,0.5385630684625681,0,-12.705372540896136,0,0.7047716570893089,0.8322665189929341,0.70890104483874,0.771453459803935,0.5198769853510276,124.25232460865674,123983,3,49,smells like teen spirit with the lights out
track_0013,Song 13,Artist 1,country,0.5736550198932615,0.8303526955063479,0,-12.261315452493555,1,0.016090224280878695,0.18641076139387625,0.7692959900455999,0.9617502742389353,0.11486463781434042,97.98188974131216,138104,4,80,bohemian rhapsody is this the real life
track_0014,Song 14,Artist 1,jazz,0.4593222416493894,0.3203725754196818,10,-17.315941034830864,0,0.3998050325222867,0.8412122788814642,0.005942430796066156,0.39772705451438606,0.9915841227315726,160.2841198772977,217238,5,38,bohemian rhapsody is this the real life
track_0015,Song 15,Artist 1,reggae,0.6718863437531601,0.6335620990635549,6,-51.71569268690856,1,0.5617061559676882,0.3370016877406201,0.5467965193479642,0.22876012567109183,0.900757647701276,199.47345318684705,186076,4,98,love me tender love me true all my dreams fulfill
track_0016,Song 16,Artist 1,country,0.7592052138585045,0.007819290486614006,5,-30.325743763738615,0,0.17275614353539914,0.48263335461821255,0.9331657140073641,0.3054223616787308,0.2595779159811302,160.08266190476175,206679,3,78,hotel california welcome to the hotel california
track_0017,Song 17,Artist 1,rock,0.2866180836678539,0.10356077162383204,3,-33.87205139647237,0,0.3895846461443948,0.6706578936411508,0.40970757578628336,0.8474584274372622,0.46358066599094616,119.63093480056422,218887,3,35,hotel california welcome to the hotel california
track_0018,Song 18,Artist 1,hip-hop,0.8078846794875656,0.8592357495218019,7,-50.740045623708795,0,0.289106698387519,0.8008963303776145,0.23244844389633224,0.20574024777517708,0.60789367988367,186.4737833038595,207947,5,61,imagine all the people living life in peace
track_0019,Song 19,Artist 1,jazz,0.07605679628057627,0.9797698764297639,0,-8.034882838874779,1,0.8732829988190577,0.9890349363485993,0.767449512066746,0.5763549655100847,0.37886099677729623,189.4737154179807,110410,3,3,smells like teen spirit with the lights out
track_0020,Song 20,Artist 2,country,0.12682861253477606,0.2796745444191311,0,-43.425939938834226,0,0.07360360604404947,0.562097897984374,0.47294293040651914,0.6369523934783882,0.4401645107955038,96.33813303253288,235111,4,19,yesterday all my troubles seemed so far away
track_0021,Song 21,Artist 2,hip-hop,0.282612900535509,0.6798894950106517,11,-26.561727100143273,1,0.031143576636196935,0.8395367896741587,0.4436451490350971,0.8572990006033544,0.8673595170623266,195.50477305744698,226282,5,98,yesterday all my troubles seemed so far away
track_0022,Song 22,Artist 2,country,0.04872046018040721,0.6032176340618924,7,-4.370918450582209,0,0.9107468205558685,0.3075771257197608,0.9244811604645593,0.38088733464609004,0.022356291736975842,60.91656842745303,100720,3,63,smells like teen spirit with the lights out
track_0023,Song 23,Artist 2,country,0.7596012381048426,0.9578055895158699,4,-59.60451287146687,0,0.8514162513739364,0.3737267301537577,0.8549043444636287,0.18820392629278704,0.40295322784607623,165.95283205690674,183597,5,18,we are the champions my friends
track_0024,Song 24,Artist 2,reggae,0.4102754056570528,0.26047918756869015,6,-53.49139828073396,1,0.5161017080949523,0.014747461539939333,0.029593258832347646,0.7412985872921946,0.3689233511573413,51.259217027164645,212341,5,1,stairway to heaven and she's buying a stairway to heaven
track_0025,Song 25,Artist 2,pop,0.8803827676787996,0.8269158063236626,5,-16.474466959613636,1,0.5473571855107987,0.10530653852606253,0.9389954444913949,0.2909162986799232,0.4173643084683245,122.39671154145788,85381,4,78,bohemian rhapsody is this the real life
track_0026,Song 26,Artist 2,rock,0.9704082918948962,0.2100764679262499,7,-29.884176931150822,0,0.6108054445491333,0.8544967207946012,0.17464710938360195,0.5202836002513778,0.5676786602137622,181.8141055278349,278059,3,32,smells like teen spirit with the lights out
track_0027,Song 27,Artist 2,pop,0.32197352596319107,0.9414377769060439,9,-2.0716033199828843,0,0.29929223710247643,0.053471988140979754,0.8532902672267052,0.3270178810459199,0.3721612684755976,120.28884719333807,110707,5,49,we are the champions my friends
track_0028,Song 28,Artist 2,pop,0.1601335405942137,0.7308806353276798,6,-8.568801750888639,0,0.7759087408573043,0.5380826823546511,0.21654383089650775,0.1053619623470805,0.8498600119130262,108.21937585687319,171123,4,76,stairway to heaven and she's buying a stairway to heaven
track_0029,Song 29,Artist 2,hip-hop,0.06024838756605344,0.6163485181677427,2,-59.96400227560925,1,0.703914531469023,0.398595974600519,0.07823892614944183,0.20935528866240682,0.31794791422116386,175.27743428604015,209161,5,79,hotel california welcome to the hotel california
track_0030,Song 30,Artist 3,reggae,0.448427894898483,0.10147723375765072,4,-40.631521228327955,1,0.812111097165572,0.9730950126038284,0.7940212492932635,0.20082884544954516,0.9243964549710054,80.70335091083388,143300,3,26,we are the champions my friends
track_0031,Song 31,Artist 3,country,0.8861425236143278,0.7641809527484859,4,-47.33617279026652,1,0.41111399324666575,0.362106290666908,0.28023340752170967,0.8180150342668264,0.5309298092433308,103.11528582521136,290690,4,65,nothing else matters nothing else matters
track_0032,Song 32,Artist 3,rock,0.9808639889933558,0.6372247624035607,4,-10.473807851326711,1,0.5952769231580144,0.6366353559868401,0.4390277838973964,0.5899836765257702,0.012878662198926416,162.51094653496108,243524,5,35,sweet child of mine she's got eyes of the bluest skies
track_0033,Song 33,Artist 3,hip-hop,0.16772807205287588,0.07749826848242436,5,-45.98426491049582,1,0.6211542868461846,0.7002017465970317,0.8560938150760835,0.18186729399447576,0.7524035090205353,175.93097924222553,134231,5,33,stairway to heaven and she's buying a stairway to heaven
track_0034,Song 34,Artist 3,rock,0.30686289011017176,0.6813138082089445,2,-11.440670520180078,1,0.0963482287665216,0.44693465996443227,0.8693757341582944,0.2532501004152512,0.6318840476841557,82.6752118165036,285109,3,61,stairway to heaven and she's buying a stairway to heaven
track_0035,Song 35,Artist 3,classical,0.010398335414125937,0.9016403650461078,3,-4.391127788666708,0,0.32838373918867014,0.4363369818414664,0.06098581048706764,0.2064286324457908,0.1405856852223285,104.79203380799648,290788,5,77,stairway to heaven and she's buying a stairway to heaven
track_0036,Song 36,Artist 3,classical,0.0788119354806176,0.9540123592591128,3,-31.41013820018951,0,0.4501762121572803,0.7581799264437712,0.7340187168000251,0.5628420419890858,0.9471114377148602,63.103349470841124,163807,3,47,love me tender love me true all my dreams fulfill
track_0037,Song 37,Artist 3,electronic,0.5907267840092585,0.3069716154563521,6,-15.869046429294393,1,0.8562103416542514,0.872756353822401,0.45983492615606136,0.7090862212246886,0.5853866823069797,82.66582770392284,236950,4,6,bohemian rhapsody is this the real life
track_0038,Song 38,Artist 3,jazz,0.017184315779604886,0.9158123101213383,8,-9.874875009388255,1,0.5631382376675166,0.24308562427567404,0.3318270363437583,0.3574117970700402,0.46667517242379064,181.74542396543683,163093,3,12,smells like teen spirit with the lights out
track_0039,Song 39,Artist 3,hip-hop,0.3363396649967586,0.5514455423507418,5,-38.42940170707561,1,0.2487586616792984,0.2987570002611032,0.11068165159666488,0.6397858528054141,0.6146620088455655,159.7186582115848,280626,4,61,imagine all the people living life in peace
track_0040,Song 40,Artist 4,classical,0.6814182182629207,0.4705384551827003,8,-4.501527856546026,1,0.9079042256151151,0.20724728344490562,0.6418098131017809,0.9807541767080731,0.7996798790156354,158.95016551804417,289468,5,4,bohemian rhapsody is this the real life
track_0041,Song 41,Artist 4,electronic,0.4114179467609921,0.18553076805264757,8,-48.201801414459894,0,0.2581721836788402,0.46146721397399615,0.9819121501754118,0.9780910694135749,0.3164531646391643,59.419977743017085,168596,5,32,imagine all the people living life in peace
track_0042,Song 42,Artist 4,country,0.6281674874639245,0.1749523598504188,6,-12.756550581778455,0,0.9758874497862933,0.6705555943989154,0.632302301896991,0.5141245844212692,0.6949461837554833,150.72458175665707,167453,5,74,imagine all the people living life in peace
track_0043,Song 43,Artist 4,rock,0.9147944341291433,0.7344579721962077,8,-14.847494352484127,0,0.4892522280470979,0.885416042701341,0.6621197687168213,0.11242302287091732,0.4947001270471366,176.40365853812622,197398,5,7,we are the champions my friends
track_0044,Song 44,Artist 4,pop,0.3366059329678419,0.2806189202212991,10,-34.65581860387194,0,0.11466447064195184,0.2725402573288135,0.2728973487602434,0.28190909772826434,0.2266213352581008,85.96738349250096,134085,5,10,bohemian rhapsody is this the real life
track_0045,Song 45,Artist 4,classical,0.48808526581355205,0.9732218791266759,7,-6.981116915256123,1,0.8313222683750007,0.10548073151699844,0.26160538705533476,0.34171568771146343,0.44107410417411974,177.81550168162988,149934,4,66,we are the champions my friends
track_0046,Song 46,Artist 4,electronic,0.18260558648999126,0.913930131657251,10,-10.892263947871783,1,0.563255034681799,0.49093661570541147,0.41380774219424543,0.820388140539319,0.3602916452993701,126.89104093440162,118937,4,85,sweet child of mine she's got eyes of the bluest skies
track_0047,Song 47,Artist 4,electronic,0.7186614106691065,0.4754924958694784,5,-41.21726709128562,0,0.8751461361934189,0.4890976189181834,0.4726312315534047,0.6265677328869362,0.8183043819019927,74.59114076857412,103610,5,65,nothing else matters nothing else matters
track_0048,Song 48,Artist 4,rock,0.6374294646643733,0.46878541171024257,7,-56.134637083673475,0,0.7118969865759207,0.08381492410650038,0.30095787306839517,0.4301367319747992,0.14700338450731232,77.68258179155178,91748,4,61,nothing else matters nothing else matters
track_0049,Song 49,Artist 4,electronic,0.24990559745762186,0.3605870136271184,10,-9.384100500764909,1,0.2479020730366518,0.9001795688681387,0.02571693569788147,0.8184579201926402,0.08835691471800566,127.65112983042603,79683,3,41,we are the champions my friends
track_0050,Song 50,Artist 5,country,0.5059038728896018,0.5648987014569091,1,-47.02653672280936,0,0.07511235080661494,0.009478083782098579,0.378937107545109,0.7386729972455278,0.8793371785128705,137.83216739920607,263939,5,58,smells like teen spirit with the lights out
track_0051,Song 51,Artist 5,reggae,0.7584209688990449,0.30494362901299343,1,-34.748959584953475,0,0.48903409239477025,0.03855590137893694,0.7323995620169592,0.38317165222537675,0.4582995266730008,189.8267735607326,90856,5,16,hotel california welcome to the hotel california
track_0052,Song 52,Artist 5,country,0.6469255875894031,0.33075815455217517,5,-39.80806459679917,0,0.6012239955738626,0.9435679736587061,0.02325990305539971,0.23616626660911155,0.32323991984124556,63.07492217325997,234812,5,96,we are the champions my friends
track_0053,Song 53,Artist 5,reggae,0.7334292973030994,0.32443203759314054,4,-2.7481415337495605,0,0.2606615340302164,0.8397087276155899,0.9503699576554465,0.19777199916556698,0.2461393042662593,69.3648570140671,125186,4,85,imagine all the people living life in peace
track_0054,Song 54,Artist 5,electronic,0.8343606582317838,0.1791339007160736,1,-52.24906887006198,0,0.5040305235111302,0.46533153217154477,0.19360914897759696,0.6888748806740779,0.6033067562415201,156.62420123038248,86824,5,48,hotel california welcome to the hotel california
track_0055,Song 55,Artist 5,jazz,0.350416474911565,0.24145729536055904,3,-58.66076067124322,0,0.2899465320526714,0.6050879444974525,0.24939939228409114,0.21986264587672266,0.8161762209774884,178.41324582751278,263066,3,11,bohemian rhapsody is this the real life
track_0056,Song 56,Artist 5,rock,0.6983105524582088,0.9610274960709189,11,-42.59860388400543,1,0.018064592726917628,0.7757176605025825,0.6778158441431519,0.1073310006110233,0.037526411959672656,57.13484075674961,164834,3,95,imagine all the people living life in peace
track_0057,Song 57,Artist 5,hip-hop,0.7304883929127203,0.6331805666882695,1,-8.48499606105036,1,0.49563449958428074,0.5218725031181379,0.9505238329422403,0.47523087424793564,0.7230033233937346,77.9654360297392,148570,4,76,we are the champions my friends
track_0058,Song 58,Artist 5,pop,0.39462596406544015,0.21162183780675303,10,-47.13184222675809,0,0.23071362757894298,0.42086245047865645,0.903728984561949,0.19967439836005452,0.2917182758488812,85.7307235352333,103147,4,83,stairway to heaven and she's buying a stairway to heaven
track_0059,Song 59,Artist 5,hip-hop,0.07390411575709954,0.8663152568238687,4,-17.36607067204539,1,0.7929365851527304,0.11222474329914933,0.6592275087488322,0.36302353226575634,0.8650600024656344,166.61585770812033,133932,3,59,imagine all the people living life in peace
track_0060,Song 60,Artist 6,hip-hop,0.07794129726878851,0.8079396261870995,10,-27.49369380248158,0,0.4787037476119752,0.1983722747914115,0.7972074389095217,0.7777270577631863,0.8740862229348494,50.81057433268107,110775,5,27,nothing else matters nothing else matters
track_0061,Song 61,Artist 6,electronic,0.7229617999272383,0.8623417341302637,3,-40.55588162253228,1,0.03815043510815064,0.24621389473262933,0.9593115722106342,0.22398418164824796,0.2252447324319894,92.40601981770601,84196,5,7,nothing else matters nothing else matters
track_0062,Song 62,Artist 6,reggae,0.013320643131185306,0.07815142214593507,9,-35.380610663218135,1,0.7348286317217377,0.2830037681440777,0.896493503935535,0.10674801543417922,0.5356998713835226,191.37230960521777,126713,4,22,love me tender love me true all my dreams fulfill
track_0063,Song 63,Artist 6,jazz,0.2515544797057563,0.9042200496673628,8,-53.579580747906476,0,0.09226062574340665,0.040139155348613786,0.72604806227622,0.04882851057228044,0.9289401205118812,84.43616240129703,235158,5,13,imagine all the people living life in peace
track_0064,Song 64,Artist 6,hip-hop,0.8636131160231383,0.018105435645534573,2,-7.714927423309206,0,0.8934079299275495,0.38254886110407615,0.0042262533472094965,0.25886379875641796,0.11299184058536327,55.821866694647035,253183,4,6,we are the champions my friends
track_0065,Song 65,Artist 6,rock,0.14838423328198458,0.5465894480362048,8,-9.270744902984418,1,0.47800153844476156,0.8676037584867652,0.22395869742120122,0.5639095345158232,0.32490414368497733,166.86809820269002,81532,4,27,we are the champions my friends
track_0066,Song 66,Artist 6,jazz,0.4679539710309575,0.11000514558004537,4,-8.522908886879272,1,0.060477401922679364,0.3106179959600526,0.1942273145562886,0.3793457218323796,0.3675296863448769,121.26492630798266,130649,3,24,stairway to heaven and she's buying a stairway to heaven
track_0067,Song 67,Artist 6,electronic,0.46235652318811205,0.6779642398171337,7,-3.629718369143518,1,0.0882940650278482,0.4736638347676948,0.9550500412296109,0.7623639362392675,0.3630038689276984,81.55154492256707,172762,5,95,bohemian rhapsody is this the real life
track_0068,Song 68,Artist 6,country,0.9691560199474345,0.03937108923597543,9,-50.706929788593435,1,0.9541653378550418,0.6550499547668424,0.6094881331936595,0.08113234653796775,0.20766574598809662,86.86810438017956,84013,4,77,smells like teen spirit with the lights out
track_0069,Song 69,Artist 6,hip-hop,0.6495470230878335,0.3643082570605757,9,-42.22941285241083,1,0.9963148706949876,0.33276652647488136,0.12232554719811639,0.5829963374687734,0.0701512306701565,126.08982609058579,148096,4,87,love me tender love me true all my dreams fulfill
track_0070,Song 70,Artist 7,country,0.16040248619534514,0.8810346295069785,0,-34.97527507482858,1,0.4166206126396911,0.8851016892869573,0.9652757651712358,0.01945209496787259,0.49710863249094694,189.02081159712336,83015,3,18,bohemian rhapsody is this the real life
track_0071,Song 71,Artist 7,electronic,0.8208403674125222,0.5523672352034594,7,-2.3272761787642082,1,0.30083683441250686,0.059549774026398716,0.8314168913355184,0.25130513183760705,0.31135187052082847,193.25219663067844,231812,3,95,stairway to heaven and she's buying a stairway to heaven
track_0072,Song 72,Artist 7,classical,0.9632266929175978,0.8169017441668477,0,-42.72150468145489,1,0.3825011597739423,0.22170076199239952,0.9249057033360859,0.33259102028073206,0.5986651930308715,75.08083327414752,119698,5,57,yesterday all my troubles seemed so far away
track_0073,Song 73,Artist 7,electronic,0.0015217280829005198,0.5855056274566943,5,-20.632555760476116,1,0.8148094869538903,0.6272074847920809,0.3768842208352303,0.7741530401994412,0.858107025883943,131.03938597911116,283987,3,23,sweet child of mine she's got eyes of the bluest skies
track_0074,Song 74,Artist 7,hip-hop,0.9790998916211011,0.9547893648544178,6,-5.716864990381993,1,0.49995400014397007,0.10681660333854903,0.34219172829858024,0.45106427675555905,0.8471874967277814,63.53239034634317,110798,5,43,smells like teen spirit with the lights out
track_0075,Song 75,Artist 7,hip-hop,0.8870792422590467,0.8460533012699151,10,-49.42920846266279,1,0.2691944798577677,0.3554954756257135,0.6126585860028727,0.701687743363316,0.6784909086461748,80.96017563337493,177090,5,90,imagine all the people living life in peace
track_0076,Song 76,Artist 7,electronic,0.9486352605836207,0.023983311347963165,8,-14.129921269980528,0,0.4028614614668605,0.6367378941249224,0.7986888972635168,0.3052832536878852,0.46730019379309884,114.8229342246196,72711,4,31,stairway to heaven and she's buying a stairway to heaven
track_0077,Song 77,Artist 7,pop,0.6316365388878741,0.8863903783916799,11,-25.264666347211616,1,0.4081416995423315,0.6685940609795044,0.6030253868667689,0.36246677780338477,0.5209324962681403,163.12012274672242,277907,5,22,we are the champions my friends
track_0078,Song 78,Artist 7,classical,0.6688402927227719,0.5495241747883861,7,-25.81005474179954,0,0.2536935985542951,0.746241879831083,0.9191862690739055,0.35693966297660584,0.21250983395900713,90.10390218204196,256671,4,89,sweet child of mine she's got eyes of the bluest skies
track_0079,Song 79,Artist 7,pop,0.6496325318287617,0.5017236117777434,9,-31.372414944049677,1,0.2747830471283208,0.9629560179711527,0.9968940583854472,0.576604495519192,0.3633744724429985,137.6117159871099,276304,5,52,hotel california welcome to the hotel california
track_0080,Song 80,Artist 8,reggae,0.5803427706305457,0.07895439606953203,6,-59.63365360295866,1,0.11327575883185048,0.38822465041556053,0.37317120093604106,0.039552780225830086,0.7923950451619346,120.18916268401549,156180,5,46,yesterday all my troubles seemed so far away
track_0081,Song 81,Artist 8,country,0.2322566311815687,0.9811603569096182,3,-3.3499989843829,0,0.9683164339093316,0.2034488845528285,0.15428035650684402,0.638657549073842,0.14384350528448908,199.22914237582899,264779,5,49,yesterday all my troubles seemed so far away
track_0082,Song 82,Artist 8,hip-hop,0.6093594118197323,0.9879981807903124,10,-21.587532322796655,1,0.5485860513328236,0.817516140910667,0.9972038792916768,0.913733118017072,0.8763592903334537,190.8108675439087,235504,3,59,smells like teen spirit with the lights out
track_0083,Song 83,Artist 8,pop,0.43935813608483487,0.8625724471367396,10,-29.57243876553845,1,0.43574774729275156,0.9953101578783713,0.2161637514396353,0.5638466196415048,0.43764508521241086,122.80558733881625,229454,4,35,nothing else matters nothing else matters
track_0084,Song 84,Artist 8,country,0.3877955650193744,0.1908888569159436,0,-4.769614966444507,1,0.7918709906969924,0.22679829394161666,0.9874148806237226,0.4770381408508817,0.5092354664139138,102.75464126794274,107244,4,28,imagine all the people living life in peace
track_0085,Song 85,Artist 8,electronic,0.8585635380751561,0.7430333475399481,0,-51.368661107459054,0,0.9819324976054505,0.9869005730249336,0.12271568293715773,0.27124021595190395,0.28828870510530846,108.69731338435662,110625,4,48,bohemian rhapsody is this the real life
track_0086,Song 86,Artist 8,hip-hop,0.5971346860473881,0.2588325387752125,4,-32.372806268348164,0,0.5396526994122518,0.8166978508212547,0.9824849518287836,0.07438799094323467,0.5791069693878337,121.58214093525689,82591,5,71,nothing else matters nothing else matters
track_0087,Song 87,Artist 8,classical,0.35395680144811903,0.4203591597763019,2,-44.178500201154336,0,0.229190739235682,0.6645067830082891,0.700304915252128,0.5207163589237891,0.9314648182907387,73.17543503780533,165859,5,31,smells like teen spirit with the lights out
track_0088,Song 88,Artist 8,country,0.3824702413885931,0.8581806550312739,3,-27.67859946994968,1,0.3427631076884713,0.29363381013035006,0.21226948884438557,0.2165433966025535,0.8851586199371019,167.74545788160822,122853,5,53,we are the champions my friends
track_0089,Song 89,Artist 8,country,0.36106930586552666,0.2759413051720907,7,-26.6562621783903,0,0.014757093573556257,0.5792296710174566,0.2331660800386397,0.3021076085468116,0.16605278131753975,183.2913115235937,169735,4,14,smells like teen spirit with the lights out
track_0090,Song 90,Artist 9,reggae,0.5407871904116948,0.1492255902955717,3,-36.48069473016413,1,0.8292905984682718,0.9288212370729476,0.020305150901040236,0.4782372517891783,0.5584552764305208,79.92043438827824,112883,4,83,stairway to heaven and she's buying a stairway to heaven
track_0091,Song 91,Artist 9,country,0.5949979754303594,0.972970172047697,5,-13.591534236773377,0,0.2745039401457824,0.682411462445028,0.15397069040815925,0.03381338626825936,0.4457421413812226,181.0692518086192,70328,3,89,nothing else matters nothing else matters
track_0092,Song 92,Artist 9,classical,0.5819805498784287,0.36991098997533356,8,-44.023771141645675,0,0.6870312292644833,0.16774786068134706,0.2682409421370302,0.6084669131368358,0.8027831815369822,67.18795995090329,232043,5,39,stairway to heaven and she's buying a stairway to heaven
track_0093,Song 93,Artist 9,rock,0.5769545480116722,0.14897311930772594,3,-45.39773362051345,1,0.7454597670036259,0.026076649281242648,0.16278653116242248,0.3112437267967736,0.3827859721701733,109.77742987573083,189526,3,8,nothing else matters nothing else matters
track_0094,Song 94,Artist 9,pop,0.9035714139133072,0.4908110703426235,8,-42.08887048624278,0,0.6433083405440398,0.1275679377007063,0.6800696520237355,0.18838885205835665,0.8590081638049493,174.9388122301979,80874,5,21,bohemian rhapsody is this the real life
track_0095,Song 95,Artist 9,jazz,0.0770655215277185,0.583079546444391,11,-26.147093953379468,0,0.16921474765538957,0.3364322877036645,0.1507455307429202,0.48430325033299637,0.8096246546051875,73.63848923013464,255370,3,54,smells like teen spirit with the lights out
track_0096,Song 96,Artist 9,reggae,0.8931944126114838,0.937735104210923,10,-47.19228564190557,0,0.20817180910330813,0.8473908165791246,0.49928368776901677,0.9330466562936475,0.07817896458807061,115.634215461498,228127,5,81,stairway to heaven and she's buying a stairway to heaven
track_0097,Song 97,Artist 9,country,0.39592766719423567,0.7453663625392595,0,-15.542224073281176,1,0.23456792449344,0.9997678584431829,0.13012563555180368,0.4163784720375925,0.9082133805760136,196.38848286184148,164042,4,76,smells like teen spirit with the lights out
track_0098,Song 98,Artist 9,country,0.1985460284518772,0.7783536262941674,4,-24.882263822839775,0,0.5526527567264876,0.9736142970803002,0.7079884696478518,0.9965604332531681,0.0333748246002461,102.34437818192217,112683,3,47,we are the champions my friends
track_0099,Song 99,Artist 9,country,0.2296521736781567,0.7206891937744703,0,-3.9779441017213344,0,0.20203897602903087,0.8154430340351372,0.4936153377317116,0.5113725173513358,0.8808356809241075,93.66412845456348,250448,5,30,imagine all the people living life in peace
track_0100,Song 100,Artist 10,jazz,0.03517817423927061,0.0664779064976897,8,-21.979489765510806,0,0.1924106029622049,0.9686843865229667,0.3165437439323555,0.19404807966144322,0.16407312982343414,79.70684058039467,231268,5,11,love me tender love me true all my dreams fulfill
track_0101,Song 101,Artist 10,country,0.05710265073606968,0.2470188371006058,6,-21.07633014246781,1,0.12526158773111606,0.6010180428645043,0.7774618509343146,0.8271162712847708,0.20395542685489676,106.95478396544974,234915,3,50,we are the champions my friends
track_0102,Song 102,Artist 10,jazz,0.4277382041847738,0.8069198078929622,2,-17.610868973499016,0,0.17815253964002797,0.5494603687012353,4.757510377673135e-05,0.48724583965053514,0.2896376142519652,75.0949938627067,299912,5,91,smells like teen spirit with the lights out
track_0103,Song 103,Artist 10,hip-hop,0.8899166607322508,0.8420338039521409,2,-36.70327736329004,0,0.8739344450644955,0.18363108461489253,0.5244912787612495,0.0804925760329841,0.5026264955268029,172.83280550839578,289230,4,90,imagine all the people living life in peace
track_0104,Song 104,Artist 10,pop,0.2634290768016847,0.48712713049141687,0,-53.64121932047682,1,0.9717704672180002,0.6577986814130268,0.7853512703087423,0.03884985773735983,0.028608384086078797,84.49148671290567,217308,4,64,stairway to heaven and she's buying a stairway to heaven
track_0105,Song 105,Artist 10,jazz,0.524090100182735,0.6522922675550911,7,-13.427752094553064,1,0.39118542905241616,0.40930011553798495,0.8934701300929431,0.28489053641433826,0.37666189309856235,137.5943692177151,118656,3,82,sweet child of mine she's got eyes of the bluest skies
track_0106,Song 106,Artist 10,reggae,0.5294740530938813,0.3425991392470429,3,-27.165359629180493,1,0.7976022416766563,0.0033491400169580743,0.7620279594469532,0.8113865315730886,0.3617233161516269,164.4030145261008,174811,4,84,nothing else matters nothing else matters
track_0107,Song 107,Artist 10,reggae,0.16671656782020028,0.3445660404028257,9,-36.53366028229622,1,0.5558182850174171,0.13948868514560675,0.696953215467798,0.43947592798097346,0.16118674632082708,186.9563055094625,242327,4,75,stairway to heaven and she's buying a stairway to heaven
track_0108,Song 108,Artist 10,country,0.39188285963508174,0.6226351398148228,9,-23.47101471342191,0,0.6217806073522768,0.9247233964428939,0.9598263853644542,0.945082373990577,0.7636260316194593,173.96580921835204,254321,3,80,imagine all the people living life in peace
track_0109,Song 109,Artist 10,classical,0.07156311329216847,0.5434095369392927,8,-52.01834398867829,0,0.6265469280839576,0.9137751010891849,0.1939517038248828,0.9951478915773487,0.9379890872767174,87.34564849491116,159359,5,90,love me tender love me true all my dreams fulfill
track_0110,Song 110,Artist 11,electronic,0.9635031890189268,0.39651447341066426,10,-59.45710655782623,0,0.008597984981864482,0.6761781437476266,0.40204282427114924,0.5062504008961778,0.7128996278136339,178.88179579407657,197437,3,83,bohemian rhapsody is this the real life
track_0111,Song 111,Artist 11,pop,0.6233793935040732,0.9450404332354408,9,-29.497617375261175,0,0.5014797231836845,0.5665384975616232,0.8766345627620822,0.8761069317758159,0.2368040820881574,105.41749326530426,269757,3,24,yesterday all my troubles seemed so far away
track_0112,Song 112,Artist 11,jazz,0.310755398924506,0.9030107012988067,8,-37.10606139169462,0,0.14857772844496886,0.1919385367073717,0.7606929218417398,0.0028333690183347526,0.3804240861923248,87.22969132014609,64966,3,10,bohemian rhapsody is this the real life
track_0113,Song 113,Artist 11,electronic,0.26240453021471144,0.3404146026745922,9,-1.5846866121895786,0,0.6287161349227606,0.649041956813154,0.6304772395514637,0.1722036331448138,0.40072051049487967,136.91258762682384,233247,5,59,stairway to heaven and she's buying a stairway to heaven
track_0114,Song 114,Artist 11,pop,0.4754804822428427,0.432189489232494,9,-55.397811397855534,1,0.17746957354418846,0.8437437301910345,0.7748755303441236,0.7626479565142172,0.7049811608086478,80.99947047595381,293792,4,55,stairway to heaven and she's buying a stairway to heaven
track_0115,Song 115,Artist 11,classical,0.5596827037482711,0.6791292089951749,1,-45.274544980518705,1,0.06213497270236368,0.37011171730999237,0.9600363184787633,0.49347946183076863,0.519992900423499,161.72941930237243,81526,4,95,stairway to heaven and she's buying a stairway to heaven
track_0116,Song 116,Artist 11,classical,0.3464327001123859,0.52437378071987,5,-19.52797805544447,0,0.057819240365629354,0.21097598736352396,0.7769147213433926,0.5283476919343202,0.6957174586485204,185.09599243220435,296060,4,37,smells like teen spirit with the lights out
track_0117,Song 117,Artist 11,pop,0.09623391142739524,0.415411226234373,10,-14.282736252185515,1,0.41364942944620176,0.13457645964464693,0.3343600740939503,0.04294835724438706,0.23292788831975675,117.82116136676038,298832,4,92,smells like teen spirit with the lights out
track_0118,Song 118,Artist 11,reggae,0.847136193110273,0.010150954331600293,8,-46.53664650762526,0,0.4176432391342735,0.2695008552954894,0.2486127768961668,0.708831133824921,0.5860316712711016,109.5234523743431,238165,3,66,bohemian rhapsody is this the real life
track_0119,Song 119,Artist 11,electronic,0.13929988478103883,0.8117572823767998,7,-45.37776955643689,0,0.8842277515087758,0.19207923008786798,0.3431335972058608,0.8335597520792938,0.876130873959877,55.87496297094361,253127,4,30,we are the champions my friends
track_0120,Song 120,Artist 12,jazz,0.4381453936609646,0.5160403762639159,10,-16.2019498631671,1,0.8063008952128091,0.5759597506317332,0.6171001591433498,0.6605327398278371,0.7433781495012767,70.37104256481669,68766,4,72,hotel california welcome to the hotel california
track_0121,Song 121,Artist 12,classical,0.031745330279444484,0.7742564844525621,0,-57.02634936539464,1,0.32352952506051413,0.5717702967815311,0.005229094751313168,0.9774450204935425,0.9413049320017611,112.51184139668281,239537,5,73,bohemian rhapsody is this the real life
track_0122,Song 122,Artist 12,classical,0.9498672652226708,0.20287373159802713,5,-51.72705519748209,1,0.03838854094869659,0.9228893655690642,0.3087460805112978,0.08504361266768679,0.8180131289682088,121.22312926928774,248941,5,62,sweet child of mine she's got eyes of the bluest skies
track_0123,Song 123,Artist 12,pop,0.5352624143665567,0.3137125370147029,11,-40.85696864271358,1,0.5166411176324243,0.10237311825087148,0.8404407889713499,0.8777346613631063,0.43912032038186666,109.61992221855164,291521,3,47,hotel california welcome to the hotel california
track_0124,Song 124,Artist 12,pop,0.21665369076095686,0.4002050927171641,3,-39.15637669328302,1,0.6668419671095558,0.7978382914586564,0.38897645202159026,0.7504564250314922,0.9695004401691789,145.89457453082093,195777,4,78,sweet child of mine she's got eyes of the bluest skies
track_0125,Song 125,Artist 12,classical,0.48521470646051434,0.1102277145346875,7,-1.278741385758508,1,0.15007930121384472,0.2572662698277083,0.8971626664945388,0.5657131466960841,0.3051998770394797,191.8955756372915,148728,4,11,yesterday all my troubles seemed so far away
track_0126,Song 126,Artist 12,country,0.13989768453397822,0.12620529662274427,9,-56.916816777496074,1,0.883895477757598,0.3499526544141397,0.5387761957613765,0.26355151991577486,0.7620513242033228,132.8026120090845,238898,4,63,nothing else matters nothing else matters
track_0127,Song 127,Artist 12,classical,0.9991388722159197,0.314295901905823,9,-3.0499922476871646,0,0.7697381849687333,0.7775828302977802,0.6289632403127089,0.17877350289652894,0.8841653818049807,197.01534491493712,205562,5,66,bohemian rhapsody is this the real life
track_0128,Song 128,Artist 12,rock,0.5545269950474407,0.41451783736399395,11,-54.84077400199344,0,0.29287626791167065,0.5632453749620475,0.9963390359434291,0.9658963366684697,0.9249701923588314,173.6531608756076,229990,4,98,smells like teen spirit with the lights out
track_0129,Song 129,Artist 12,electronic,0.29262024077201076,0.1438791993242412,0,-55.88562469292054,1,0.14223845637820243,0.7149429616053506,0.2622698403907239,0.7488536758149537,0.6079918142723509,68.0962772491107,185468,3,10,smells like teen spirit with the lights out
track_0130,Song 130,Artist 13,country,0.6942216130292689,0.14331240765327757,11,-24.391353770573893,0,0.12892163797348244,0.21835371788896396,0.5020043226060648,0.3550810500221625,0.3413200151974025,149.52820752546143,194589,3,85,smells like teen spirit with the lights out
track_0131,Song 131,Artist 13,hip-hop,0.16682084184240198,0.9533205785468332,10,-7.349922658247664,1,0.5011161462438003,0.6643819047497037,0.8853027731652717,0.6715655063554126,0.2819841819915815,70.05016693008122,211269,3,71,stairway to heaven and she's buying a stairway to heaven
track_0132,Song 132,Artist 13,electronic,0.9184755245110753,0.9422122503627792,4,-50.42656094476105,1,0.4101642824334115,0.3991133200299485,0.24139417035384314,0.5781241619655517,0.42755706388491876,105.6986964304045,293687,3,86,hotel california welcome to the hotel california
track_0133,Song 133,Artist 13,reggae,0.23075028626762584,0.9553306711832467,3,-52.399111426935306,0,0.926631327104433,0.17845833676677358,0.4026465646179782,0.851671326022506,0.2347984935452897,107.34084055071386,284200,5,13,bohemian rhapsody is this the real life
track_0134,Song 134,Artist 13,reggae,0.789990281941272,0.3446639362184871,1,-39.816715417865915,1,0.43556208805204055,0.48898104567677503,0.6886986471636979,0.39361904502390865,0.30767431923516275,167.47147486081877,70866,4,9,smells like teen spirit with the lights out
track_0135,Song 135,Artist 13,country,0.41171116116532425,0.08190359280959714,11,-42.62484841015133,1,0.8816595400336676,0.6205790735197027,0.19630662944555566,0.22736502590632235,0.8027878198098475,149.02884809970791,196819,5,93,imagine all the people living life in peace
track_0136,Song 136,Artist 13,hip-hop,0.845096963071739,0.7400862945901514,11,-12.889055789957204,1,0.5800324446611183,0.7897663921952212,0.4703719818811134,0.19518039992990743,0.22640229854471783,93.63469401399513,158153,5,59,sweet child of mine she's got eyes of the bluest skies
track_0137,Song 137,Artist 13,reggae,0.49850248912270956,0.936334430711021,6,-43.10421886251592,1,0.8072721019960104,0.7888113224992456,0.8092439376213537,0.4377672549811127,0.41549497687282544,104.46965905339434,144589,4,13,imagine all the people living life in peace
track_0138,Song 138,Artist 13,rock,0.27939001835155597,0.7687451183093277,3,-58.32237688844009,0,0.9529855800229358,0.9485116008549831,0.3288854411609049,0.2532297030642202,0.7751342644799954,56.20389734109325,83279,3,25,yesterday all my troubles seemed so far away
track_0139,Song 139,Artist 13,country,0.9924784583036221,0.3291480540423821,5,-29.86659970536385,1,0.6257098812288422,0.9165603021759187,0.32629031669490827,0.9411739538471522,0.21759764270242055,192.1867560711046,271466,5,18,yesterday all my troubles seemed so far away
track_0140,Song 140,Artist 14,electronic,0.9297617202922901,0.4826959508995372,5,-55.97689944962367,0,0.41901430221518676,0.42002880118158026,0.09911363518129745,0.2816057719058771,0.25157230034580313,62.270805038206476,104106,5,30,we are the champions my friends
track_0141,Song 141,Artist 14,country,0.21769905677933266,0.7135370664829435,0,-13.77381271249358,1,0.6230012912671659,0.9268285665110454,0.04697746485226317,0.45043025540627335,0.5280838010962079,198.84909531739447,62076,5,79,love me tender love me true all my dreams fulfill
track_0142,Song 142,Artist 14,country,0.6146760272639378,0.6435789927451899,2,-43.9958701534118,1,0.469158060385523,0.8685740151761953,0.2832313793868597,0.9192441553839998,0.06065205744237612,88.20480144357495,90047,4,16,nothing else matters nothing else matters
track_0143,Song 143,Artist 14,electronic,0.703856191681538,0.24134855724950643,10,-8.946228935703417,0,0.5939227459984857,0.8582745564786204,0.36964607426797147,0.3408528173006782,0.49091263702024324,185.9683552625226,205427,4,32,love me tender love me true all my dreams fulfill
track_0144,Song 144,Artist 14,pop,0.8494333483709565,0.24797086883902775,0,-19.567934000265375,1,0.681171154743051,0.5911774148433452,0.014986091475174379,0.4349054397976111,0.46495075000589303,53.68959809830342,268619,5,72,nothing else matters nothing else matters
track_0145,Song 145,Artist 14,jazz,0.2401036231889685,0.6041079276941224,11,-56.01559249140716,1,0.7658386849637538,0.24727427597913076,0.3691238615242495,0.8245470893352217,0.17023635923451907,132.8702152196142,290786,3,46,yesterday all my troubles seemed so far away
track_0146,Song 146,Artist 14,pop,0.7027124175531573,0.5734997498889348,2,-35.30314944759438,1,0.5511650990802159,0.6649938406636249,0.6724595784252162,0.698899786057159,0.4094042275662142,115.90460679360574,211578,5,54,yesterday all my troubles seemed so far away
track_0147,Song 147,Artist 14,electronic,0.9305428581436853,0.7989387060857462,6,-45.430426977900524,1,0.7736532003027152,0.10450800859761933,0.6981048978156954,0.09861329801713137,0.38261914769855043,71.16421111728201,254991,3,6,we are the champions my friends
track_0148,Song 148,Artist 14,country,0.7785164221748613,0.6968931435270224,1,-53.545544388430514,0,0.7911992236813664,0.025568666268591778,0.43665220640439495,0.24693152631154092,0.4252974983498544,130.6733316244942,74022,4,80,smells like teen spirit with the lights out
track_0149,Song 149,Artist 14,pop,0.6572311805720584,0.5851724067448698,9,-50.39723582903897,1,0.8521912817242027,0.5141531136225432,0.44818796068042743,0.5014247482550401,0.4605822889336184,84.26694732637384,76509,5,65,sweet child of mine she's got eyes of the bluest skies
track_0150,Song 150,Artist 15,hip-hop,0.9145408723770069,0.54538240961027,0,-25.76324526983307,1,0.6089530037299641,0.18230881511522945,0.31123756285085313,0.3385504131476039,0.3948007484941046,174.51368637917204,88011,5,43,hotel california welcome to the hotel california
track_0151,Song 151,Artist 15,electronic,0.9415471132207568,0.5732728385538791,8,-13.111484780615065,0,0.6172776753965626,0.77040162074445,0.5309579024242421,0.9011833548491943,0.19744202677183842,77.36378731845737,298880,3,97,sweet child of mine she's got eyes of the bluest skies
track_0152,Song 152,Artist 15,jazz,0.6611869288745826,0.8995099103904892,4,-7.475644864779589,0,0.1153334399846182,0.49941546352488075,0.2262820808810656,0.2648964863621943,0.44339143778127843,62.36458136613976,162631,4,42,hotel california welcome to the hotel california
track_0153,Song 153,Artist 15,electronic,0.09510005269978539,0.33893547237033705,1,-6.58692206401313,0,0.45096835697049464,0.6429733036800194,0.977482569589151,0.6049478649577918,0.7598427514437615,164.7195528281943,292759,4,16,yesterday all my troubles seemed so far away
track_0154,Song 154,Artist 15,country,0.6512912788773527,0.6932479333468663,0,-53.41971143524561,1,0.06995118789143584,0.12204810058261517,0.376830728348301,0.46053822812775425,0.2517230959990011,69.73835722677444,235558,5,72,smells like teen spirit with the lights out
track_0155,Song 155,Artist 15,pop,0.6582879658658973,0.48328574860443874,2,-25.770025995020433,1,0.9205073727020698,0.10389923764287179,0.47582404082418084,0.1148738262982103,0.16986546383337098,93.41507503855445,108378,5,15,stairway to heaven and she's buying a stairway to heaven
track_0156,Song 156,Artist 15,country,0.8150982839079506,0.37509840535871675,9,-7.946913937136493,1,0.8856830172919998,0.7562906256226363,0.47939941390352514,0.3271516668063166,0.21886829052029277,124.9844900391189,226606,5,47,sweet child of mine she's got eyes of the bluest skies
track_0157,Song 157,Artist 15,rock,0.07546024128297679,0.9669604171025042,0,-13.246031092593,0,0.9994727667691111,0.4828557773966018,0.5522291754518365,0.0614788016105875,0.5570128794712327,141.88872948093683,240576,5,18,sweet child of mine she's got eyes of the bluest skies
track_0158,Song 158,Artist 15,jazz,0.9231197001103522,0.2532211053437545,1,-12.672141181936077,1,0.8247710774786934,0.6871427818208797,0.7770535047030749,0.41279605682479314,0.05116025924133916,65.62930124304161,235777,3,16,hotel california welcome to the hotel california
track_0159,Song 159,Artist 15,classical,0.4600023917995024,0.10217076764696909,6,-0.6722091525096872,1,0.20200147666170754,0.1905221610099358,0.7221033863388007,0.8246963344890376,0.3043513709155027,146.53047572028512,176955,4,52,love me tender love me true all my dreams fulfill
track_0160,Song 160,Artist 16,reggae,0.08632924841841527,0.684515508370013,3,-39.70087042148579,1,0.1705543926902673,0.9222311156156611,0.823650706585525,0.7671906855018935,0.7427841391614269,178.6014984304631,281812,5,70,nothing else matters nothing else matters
track_0161,Song 161,Artist 16,rock,0.3976411541210898,0.9566281057719986,8,-22.24904343684461,0,0.14595892042733594,0.26356137030920845,0.5181578615423047,0.9879948475693547,0.05135288001856919,170.6085580920603,204121,4,85,imagine all the people living life in peace
track_0162,Song 162,Artist 16,hip-hop,0.3820977529974269,0.858422318134369,1,-44.26574193448226,0,0.6284537228268806,0.5985290251081766,0.4681387621007326,0.7196686488485763,0.8130454103370481,179.22723349661752,85394,4,7,love me tender love me true all my dreams fulfill
track_0163,Song 163,Artist 16,pop,0.4787768397068356,0.11030677293750124,11,-27.19649843303352,0,0.6354798976347265,0.199498262552956,0.5915219907357433,0.9909725587757479,0.695389053374076,107.19554847294589,277620,3,62,hotel california welcome to the hotel california
track_0164,Song 164,Artist 16,reggae,0.2556496906441549,0.03851681264895501,9,-25.006520051468243,1,0.028327594073917606,0.4961767673803137,0.769000513343733,0.2988330629428143,0.5537138849147579,163.9761458893929,70227,5,42,nothing else matters nothing else matters
track_0165,Song 165,Artist 16,electronic,0.7944225129190456,0.8529997885391508,2,-5.6206722346415035,1,0.7301476077247759,0.2892399957109566,0.7248789923186787,0.8850251322269173,0.5348630710108814,107.12707791015379,140904,5,32,love me tender love me true all my dreams fulfill
track_0166,Song 166,Artist 16,rock,0.051672655202532725,0.29174391792409693,0,-40.594890257726476,0,0.6230177089344745,0.8592656791254759,0.6057087433866853,0.7782010515369417,0.4168384412184366,118.80714803796836,182103,4,34,hotel california welcome to the hotel california
track_0167,Song 167,Artist 16,jazz,0.27610848263246635,0.19962346511622187,1,-41.406573952673284,0,0.8341886487866615,0.20570309822818622,0.5829116291238925,0.5535984470769397,0.7893709955960205,93.78106079047373,99443,4,0,bohemian rhapsody is this the real life
track_0168,Song 168,Artist 16,hip-hop,0.9320581386321888,0.8391303135453353,8,-35.15793759776493,1,0.7525441857946766,0.908974227066657,0.13665350119835906,0.25925878043374395,0.8434370943483767,113.04937833864633,282688,5,76,smells like teen spirit with the lights out
track_0169,Song 169,Artist 16,pop,0.2907108918594521,0.6281175572716604,3,-41.24319704160894,0,0.17238703859831583,0.4007307386685107,0.2969955622553744,0.537719859131343,0.20112187077083454,148.13516275395193,131255,3,22,yesterday all my troubles seemed so far away
track_0170,Song 170,Artist 17,classical,0.18333133399762447,0.3417862120295525,0,-57.231734462358176,1,0.1173240609506635,0.4963643326201257,0.5577994190606312,0.41182888660109995,0.6547579127364529,116.79674272526329,116360,3,3,sweet child of mine she's got eyes of the bluest skies
track_0171,Song 171,Artist 17,country,0.7979237016697054,0.9719635312051136,11,-23.895457969010238,0,0.6859283747866031,0.6538263296846218,0.5346623853211592,0.08981352357790506,0.3752463124614045,155.1413448927,197833,4,79,love me tender love me true all my dreams fulfill
track_0172,Song 172,Artist 17,reggae,0.7058878513682622,0.21803300572459128,11,-1.584704010847652,0,0.5384727008679596,0.6529514592811785,0.6980090841172655,0.6895401413597037,0.3657931942049586,90.11451376869924,91568,5,63,love me tender love me true all my dreams fulfill
track_0173,Song 173,Artist 17,classical,0.14061117214698637,0.4374817161588336,3,-1.4528306659972685,0,0.4405262119236729,0.06520878261570318,0.1446180537680548,0.8064495119011935,0.8297296481326157,100.80039349209864,273441,4,36,smells like teen spirit with the lights out
track_0174,Song 174,Artist 17,rock,0.0633200479330629,0.22592077387526632,10,-30.4434811435351,0,0.7436140625628918,0.0040075304050178895,0.9125906262249256,0.7059340498039894,0.1843116206255545,189.73608946779393,202394,4,28,stairway to heaven and she's buying a stairway to heaven
track_0175,Song 175,Artist 17,country,0.4733184756524099,0.9887538799794428,2,-17.512757251519787,1,0.07400158918226762,0.7405587621415689,0.8739423444011684,0.8232974727307497,0.21772166050608077,102.90829066739724,247172,5,27,we are the champions my friends
track_0176,Song 176,Artist 17,jazz,0.38699216561751326,0.46435477915157475,11,-42.64199480477797,1,0.9759348976401103,0.7076845442802574,0.006050385554323245,0.45417819453078,0.9961961797864068,198.77075350605065,281618,3,49,smells like teen spirit with the lights out
track_0177,Song 177,Artist 17,jazz,0.8318708378550681,0.631187891944256,8,-39.92412614230891,1,0.2666592612489923,0.9392474271769692,0.10951719225239842,0.5629882025515868,0.36770466124133494,120.24601640619262,225907,3,29,sweet child of mine she's got eyes of the bluest skies
track_0178,Song 178,Artist 17,jazz,0.6884196398802174,0.6437110403823196,1,-49.89335972152613,1,0.2946746607646521,0.7982728250470085,0.5521863490682704,0.49345039260744783,0.1520608113080898,140.8396556922096,198561,3,81,bohemian rhapsody is this the real life
track_0179,Song 179,Artist 17,electronic,0.3677587273884916,0.9925371530179693,0,-50.10046206279936,0,0.055021173148181,0.9739377824854335,0.17931658656629712,0.24540229223207566,0.6461719128659091,159.92375547633077,287549,4,13,smells like teen spirit with the lights out
track_0180,Song 180,Artist 18,hip-hop,0.7464947524446598,0.023845026791416646,3,-3.5499425397439808,0,0.4179787835818415,0.08141793856218627,0.14379701679808832,0.020779503490766293,0.16184537117940223,67.70808463733967,245708,5,20,sweet child of mine she's got eyes of the bluest skies
track_0181,Song 181,Artist 18,pop,0.49597210974254535,0.37461583435522383,3,-26.755044146158987,1,0.15956729285558668,0.3356755814702461,0.632188947827428,0.13075922792971295,0.4799907655363723,68.9660591670026,233585,4,43,sweet child of mine she's got eyes of the bluest skies
track_0182,Song 182,Artist 18,classical,0.5748845596638005,0.380323003035827,5,-26.964748301044658,1,0.8882658344848189,0.8904899591004953,0.6561237229331011,0.563403917283326,0.23649909164430405,68.99953749961628,284341,4,98,love me tender love me true all my dreams fulfill
track_0183,Song 183,Artist 18,country,0.2792299020963799,0.7905860990882241,11,-27.794738295622302,1,0.21714534842818467,0.0742678833367939,0.7386900185469891,0.45463617012854907,0.724694883552814,88.75752135136014,95656,4,68,love me tender love me true all my dreams fulfill
track_0184,Song 184,Artist 18,classical,0.3510698915533341,0.5747111372565653,6,-36.6412527005037,0,0.37190710417428663,0.3300464967903911,0.7380918600879588,0.21218796293945963,0.7402938583380752,86.09304088578774,231096,3,54,nothing else matters nothing else matters
track_0185,Song 185,Artist 18,reggae,0.14619465703085988,0.49587424404867353,9,-49.0312744186688,1,0.8483350986070906,0.5281446759140207,0.8751610140508936,0.4786076102089808,0.29742904506698953,81.67750113762872,298682,5,56,nothing else matters nothing else matters
track_0186,Song 186,Artist 18,pop,0.6006702892361955,0.7782318744464536,1,-51.74666382830645,1,0.8851923040687169,0.5735627284136968,0.8278093313539424,0.577840777383931,0.4422885138133581,161.25856480956944,146289,5,48,nothing else matters nothing else matters
track_0187,Song 187,Artist 18,rock,0.6082086977827325,0.5829990184370525,10,-42.35451805638825,0,0.49863053451467065,0.9236518994871005,0.071511503695046,0.7911388634760768,0.8480635375143876,171.7007978770853,123022,3,36,we are the champions my friends
track_0188,Song 188,Artist 18,country,0.9291011922472092,0.8742599848261321,9,-58.04632607331318,1,0.835385503691985,0.9779081536251374,0.21226310686214722,0.5383624795111323,0.8396306857501616,95.87084542387807,154350,5,87,yesterday all my troubles seemed so far away
track_0189,Song 189,Artist 18,reggae,0.09993733917351488,0.14074096500859512,7,-8.568236908602906,0,0.5552803958769948,0.8258561652676057,0.5548437260003051,0.5609669036111647,0.39631257445639123,91.35154556770536,162316,5,54,yesterday all my troubles seemed so far away
track_0190,Song 190,Artist 19,jazz,0.8316379544422621,0.5799067522659547,5,-28.45884251349426,1,0.9156879937600271,0.10052979427940989,0.9343485119448077,0.18193828062699813,0.08575873928106847,190.9206287717741,263519,3,34,hotel california welcome to the hotel california
track_0191,Song 191,Artist 19,country,0.5880823001702693,0.30317303998283085,11,-48.678666901160454,0,0.9506759059625334,0.7405627232289459,0.6428686504094492,0.16610872783820996,0.14486564559153126,108.47643722100003,165920,3,57,we are the champions my friends
track_0192,Song 192,Artist 19,reggae,0.9037724201885057,0.2113822985884175,7,-33.45729645729723,1,0.7065805022703875,0.9121648158317355,0.6047850608287278,0.20191126945501725,0.15052713643467108,78.25128385159465,96583,4,95,we are the champions my friends
track_0193,Song 193,Artist 19,jazz,0.4635162435459983,0.6789251474945793,0,-6.192655120859172,1,0.5889449183782155,0.2140207851744964,0.16148344895599887,0.4168434161157364,0.5140024977499695,187.96432939163023,234262,4,82,we are the champions my friends
track_0194,Song 194,Artist 19,country,0.8199945412816566,0.7359547892552512,5,-11.631553529886894,1,0.035463726018040154,0.7953882115479788,0.4316357785554066,0.22998845975620585,0.43635205555308276,173.08042625475446,230740,5,45,love me tender love me true all my dreams fulfill
track_0195,Song 195,Artist 19,jazz,0.0006433698585387448,0.9847069684928098,1,-48.14296909804045,0,0.7846491843128476,0.600653282359972,0.8745103129700305,0.670316460981871,0.3853887989606991,111.65453045203283,96117,3,38,stairway to heaven and she's buying a stairway to heaven
track_0196,Song 196,Artist 19,reggae,0.24445895042570864,0.0815808936803587,2,-26.399746802978846,0,0.8225727423609476,0.2604259845574851,0.7826292506144393,0.2879066955459393,0.3046106986566305,93.92424532224867,240912,3,2,imagine all the people living life in peace
track_0197,Song 197,Artist 19,electronic,0.04211716571663082,0.059814338953862345,6,-10.855433012200365,1,0.5089907871874882,0.2276643890743939,0.8992840616755459,0.5146073275726513,0.05802923694918305,99.41541102318361,124944,5,2,bohemian rhapsody is this the real life
track_0198,Song 198,Artist 19,classical,0.5480444034739446,0.39818170139365594,5,-55.34872140823673,1,0.7096577835062874,0.5842505699768996,0.0734991073687733,0.07213107606502678,0.7205460169295957,180.37117818112696,140923,3,37,smells like teen spirit with the lights out
track_0199,Song 199,Artist 19,rock,0.823728702096108,0.005283723918386274,1,-31.341648964057164,1,0.735248946787932,0.16901089426656812,0.08572428751694738,0.3840353416959753,0.24322593130682357,99.39508437922441,96648,4,42,imagine all the people living life in peace
track_0200,Song 200,Artist 20,jazz,0.9662878890446913,0.7614737921068669,3,-0.6450475571833323,0,0.0670185159874851,0.21442698798649318,0.06388111048165956,0.8852739642426388,0.8082791694091079,134.66231079220213,131344,3,31,nothing else matters nothing else matters
track_0201,Song 201,Artist 20,jazz,0.44197452331107745,0.21997486285620682,10,-39.395217484161634,1,0.4349713366330781,0.5745397404002378,0.6152577496537859,0.7980899739622526,0.4769605608115277,133.04117460870856,65615,3,7,stairway to heaven and she's buying a stairway to heaven
track_0202,Song 202,Artist 20,country,0.34856645694386146,0.9710230374633332,8,-23.960577262235425,1,0.642018332886355,0.5662865574838423,0.7239657450576643,0.5609288313088674,0.569341223584704,76.701843760506,231198,3,8,yesterday all my troubles seemed so far away
track_0203,Song 203,Artist 20,classical,0.3147997459779306,0.46171637373712104,3,-36.39333061935747,1,0.049894390500500596,0.9767007185713593,0.33916352514918824,0.057222826166460905,0.9980221561259964,96.56693020131114,77544,3,78,bohemian rhapsody is this the real life
track_0204,Song 204,Artist 20,country,0.7943250584066477,0.6846330651882754,11,-42.55992313922348,0,0.5846287591396485,0.35557414294011525,0.9971819932986911,0.6204242358453351,0.41274314352957997,50.44505470212055,246176,3,64,love me tender love me true all my dreams fulfill
track_0205,Song 205,Artist 20,jazz,0.3956026987159017,0.6619077796004235,2,-14.48018273437102,1,0.9845174220818795,0.8391839878585556,0.3441127555228325,0.42906043280952433,0.09007589664976712,153.7164065811098,145203,3,45,bohemian rhapsody is this the real life
track_0206,Song 206,Artist 20,rock,0.900714565900566,0.5219963557146947,9,-44.51062712119588,0,0.31298446066436914,0.7072643683799538,0.1360347283640776,0.3934010409190515,0.2718665215868853,108.05075162267198,94595,5,53,yesterday all my troubles seemed so far away
track_0207,Song 207,Artist 20,electronic,0.7281017011748835,0.9162634365697024,10,-5.347529209382465,1,0.7031888514995402,0.7806068865305754,0.012682418104442705,0.2350499551776437,0.3666721282837029,80.51871339148784,85291,4,72,smells like teen spirit with the lights out
track_0208,Song 208,Artist 20,classical,0.904095669782662,0.7024078949353311,3,-40.39929976910493,0,0.569944451128815,0.09105710614738838,0.1604051296764345,0.9520771885621613,0.43028585692179855,196.24067583584468,254563,3,18,yesterday all my troubles seemed so far away
track_0209,Song 209,Artist 20,classical,0.7456990524616575,0.7185234929154583,4,-27.89271462269174,0,0.6044620217060646,0.08766167703758909,0.13795865370456584,0.467096728577133,0.07655265514792875,191.93297021329445,82305,5,82,imagine all the people living life in peace
track_0210,Song 210,Artist 21,rock,0.016401461617815083,0.2941266233401352,0,-47.98881245750191,0,0.8391541449170221,0.29039416010402097,0.24329928703692938,0.4909249670815097,0.8839006476459841,102.89031235394947,170350,4,50,we are the champions my friends
track_0211,Song 211,Artist 21,classical,0.707138474908776,0.5154075379470691,6,-44.65150269319638,0,0.2676734478307703,0.0388383290218145,0.5847117875630756,0.7351258310976538,0.8396783788223723,186.8597839945282,114749,4,81,yesterday all my troubles seemed so far away
track_0212,Song 212,Artist 21,reggae,0.7246391360264158,0.8127773400919588,8,-55.3617672493163,1,0.08425249891909459,0.39774402423698385,0.5557713857581591,0.5710584123609198,0.05888741840023348,136.55468487496438,295787,4,81,we are the champions my friends
track_0213,Song 213,Artist 21,electronic,0.7043464075455411,0.6563602068604835,2,-58.74023551478848,1,0.8705184059942794,0.9675107898566884,0.9600340355417761,0.9051785780438143,0.4381132308167087,53.64961324598593,225503,3,49,bohemian rhapsody is this the real life
track_0214,Song 214,Artist 21,pop,0.3719799103323024,0.07361444563666131,6,-42.86284856409479,0,0.5692142672420241,0.2210061697609068,0.6684895675334469,0.8736343311135835,0.5805004088278974,123.1896283472629,148931,3,40,stairway to heaven and she's buying a stairway to heaven
track_0215,Song 215,Artist 21,jazz,0.3535267197224897,0.8921305093752648,9,-1.04697521273971,0,0.26589849921255904,0.07084471452716246,0.7093433923688048,0.19986291512662946,0.9585052424686,54.20167266715887,198708,4,73,bohemian rhapsody is this the real life
track_0216,Song 216,Artist 21,pop,0.719804286153632,0.1700592236727997,3,-44.450523425245485,1,0.8130496039247724,0.8093922739779611,0.9688089521525963,0.8953335322917964,0.01248563664024449,75.40192182064213,147535,4,52,stairway to heaven and she's buying a stairway to heaven
track_0217,Song 217,Artist 21,pop,0.9383951017181803,0.9070101242520751,1,-33.05381612232625,1,0.09449676458184197,0.37079162971366864,0.6511540942292416,0.5320956517162037,0.9177175815369287,99.13868726572633,290346,3,34,sweet child of mine she's got eyes of the bluest skies
track_0218,Song 218,Artist 21,jazz,0.18695778297146004,0.4423862866257162,7,-18.073400843111386,0,0.2350495815631174,0.386841735587383,0.33889518069569424,0.41754359155197407,0.0007311125101954197,182.32205224315305,232198,3,4,bohemian rhapsody is this the real life
track_0219,Song 219,Artist 21,rock,0.18103992635867583,0.5522775455220665,9,-44.46377486710101,1,0.431417334195099,0.4865455913062249,0.5927417987666403,0.42977593280247894,0.6354168093095904,128.56376133654254,249030,4,11,sweet child of mine she's got eyes of the bluest skies
track_0220,Song 220,Artist 22,jazz,0.031002587883237398,0.17204153623392782,11,-23.26470561945343,1,0.1751521603147792,0.3034485001866981,0.977654564566177,0.1794271653515176,0.905466321660223,169.2698645664949,256250,4,96,stairway to heaven and she's buying a stairway to heaven
track_0221,Song 221,Artist 22,rock,0.37340299464254145,0.7213317986805947,6,-30.693166351154893,0,0.0761989261724213,0.36244748826264894,0.7840988628196959,0.9733996376465418,0.7420761994999456,87.80733203143302,161334,3,21,love me tender love me true all my dreams fulfill
track_0222,Song 222,Artist 22,country,0.3717161658574035,0.8918413964863132,10,-17.71188082105654,0,0.7163883820632955,0.040598995664693494,0.018338543145083097,0.6215318886501144,0.16639873448612807,69.66220942177732,81160,3,50,nothing else matters nothing else matters
track_0223,Song 223,Artist 22,hip-hop,0.5624750393898036,0.06763947382706692,10,-24.477143744172572,0,0.6414311132917581,0.5700965852401928,0.6071785356137156,0.3993230696381229,0.8749432158261536,181.7786532170139,151392,4,13,smells like teen spirit with the lights out
track_0224,Song 224,Artist 22,classical,0.19175390920852275,0.4358798863683091,5,-45.46026188308447,0,0.6968650540448522,0.5478353456977746,0.9344617242336137,0.25944802810470224,0.9589386881085614,58.4448969949883,84812,4,68,stairway to heaven and she's buying a stairway to heaven
track_0225,Song 225,Artist 22,pop,0.8992063781233024,0.8029176161456045,7,-6.592445516407508,0,0.9587079525841824,0.46315136257284784,0.4386507740135954,0.026382082159530196,0.8743270838511492,130.4564936344757,167564,5,97,sweet child of mine she's got eyes of the bluest skies
track_0226,Song 226,Artist 22,country,0.9839034036051062,0.3655145941651182,6,-14.153297902121714,0,0.8691600446861291,0.2694837191940197,0.14406280440151475,0.7370776037894096,0.36824050480606263,103.07191793762777,77744,4,17,we are the champions my friends
track_0227,Song 227,Artist 22,rock,0.3808858420932193,0.40130216361442794,1,-21.201181460593325,0,0.2939473367940366,0.051787172252566016,0.5462495026071008,0.2592508321507584,0.4415398630785198,154.275717323886,232872,4,42,love me tender love me true all my dreams fulfill
track_0228,Song 228,Artist 22,rock,0.769110293952477,0.46798464080777535,8,-51.169119300959885,0,0.9098595764233625,0.29862263390236754,0.4768152939100152,0.5341626287995704,0.7797187156877022,160.71917601225857,162147,3,75,imagine all the people living life in peace
track_0229,Song 229,Artist 22,jazz,0.5909518895013873,0.29618111159731475,7,-33.76462333182148,0,0.4262630113309376,0.01034816879802003,0.8190827501392289,0.7811155743867251,0.8899719717423259,66.11293909450573,211577,3,44,imagine all the people living life in peace
track_0230,Song 230,Artist 23,pop,0.5136299984775043,0.6319879606891666,0,-11.423382666132753,1,0.9671699215435255,0.7223782772562884,0.1176258482397411,0.7289260920963564,0.9861969861922439,137.43437013807062,200676,5,56,yesterday all my troubles seemed so far away
track_0231,Song 231,Artist 23,pop,0.6707812026319404,0.24074497453897292,10,-33.77491295337404,1,0.90430055034005,0.5864148080354853,0.048257943816767734,0.7498381381490019,0.7991158985361346,106.28558892487048,171493,5,31,stairway to heaven and she's buying a stairway to heaven
track_0232,Song 232,Artist 23,hip-hop,0.03386972291771895,0.1697513511274895,1,-26.2404256713097,0,0.652407479113866,0.840858421827313,0.9047706351039511,0.7009308933936139,0.7639991695044996,166.03091379143197,97542,3,19,smells like teen spirit with the lights out
track_0233,Song 233,Artist 23,country,0.29579500397417224,0.2618226421691421,6,-41.15591378724509,1,0.759534758497714,0.8755871504901439,0.8952324884954285,0.22003927571773474,0.2553979247400687,71.60780912471786,160154,4,79,love me tender love me true all my dreams fulfill
track_0234,Song 234,Artist 23,hip-hop,0.08565470073803294,0.20325213386487884,3,-37.067921588972965,1,0.37009923787314836,0.9252462441469083,0.9697678485335708,0.26259383152091875,0.45312844998718593,67.72590318396848,185450,5,74,we are the champions my friends
track_0235,Song 235,Artist 23,rock,0.21832405714616043,0.2912794908850368,4,-2.9483881463248096,0,0.8948588585112089,0.07156865000747858,0.18440689578453995,0.970814910436831,0.2344083305157797,86.45059014332945,205204,5,87,yesterday all my troubles seemed so far away
track_0236,Song 236,Artist 23,hip-hop,0.7336821851275668,0.2552662158282165,10,-34.08418074673281,0,0.09042298015489747,0.7693898997572198,0.32106637824290984,0.22218867466423464,0.6503329471942533,198.24265808843913,135720,3,28,hotel california welcome to the hotel california
track_0237,Song 237,Artist 23,reggae,0.10434105941144589,0.01061386292199007,3,-1.5376983893003597,0,0.35505439003920936,0.9437105967573595,0.9784541905305333,0.9226162688396916,0.5326951062110217,51.057836874888686,61032,4,79,imagine all the people living life in peace
track_0238,Song 238,Artist 23,jazz,0.15013908537379606,0.5663013715741037,8,-49.18758768978374,0,0.311862907008596,0.6651606328546712,0.17497336358859572,0.596360527103754,0.7299873008938036,172.5119043300601,298260,3,16,smells like teen spirit with the lights out
track_0239,Song 239,Artist 23,electronic,0.1256665946947515,0.0718706690103158,11,-48.70694089154725,0,0.6959871817333239,0.46949507759599074,0.1902145687311313,0.036253059783817876,0.4477819217226473,102.24221264284522,85952,3,21,nothing else matters nothing else matters
track_0240,Song 240,Artist 24,country,0.37921516148809475,0.6989343612566916,10,-11.3947124141284,0,0.5450521129856366,0.7767966616232407,0.14360902928775754,0.8139639376715889,0.4789279481670151,106.21253420137026,222095,5,9,stairway to heaven and she's buying a stairway to heaven
track_0241,Song 241,Artist 24,country,0.826061223600438,0.2620646340299758,1,-32.95441620512409,1,0.2654032530268071,0.38208087188134743,0.6744858443038779,0.21941796039958483,0.22275829295058414,94.4615273580404,208449,3,24,we are the champions my friends
track_0242,Song 242,Artist 24,rock,0.6361206904414286,0.052455122930970655,5,-7.293780001728166,1,0.4583673029166361,0.061718980836444004,0.1557470877619389,0.9623316338277125,0.5770209631342973,144.13228389024488,67384,4,94,nothing else matters nothing else matters
track_0243,Song 243,Artist 24,country,0.0356587718874779,0.8677796424070054,9,-45.517155898940665,0,0.71448374364722,0.7420825715262532,0.7957728041367161,0.3735100820171021,0.39322830849735735,180.72293607548718,139926,5,50,hotel california welcome to the hotel california
track_0244,Song 244,Artist 24,classical,0.7016750801682436,0.8630104068470937,5,-27.906014744415884,1,0.01088220067061274,0.23789456203848847,0.8507577158105836,0.9606631830457628,0.6830855418003227,58.54752210395877,67524,3,24,imagine all the people living life in peace
track_0245,Song 245,Artist 24,reggae,0.6337441507740892,0.5632969694066313,8,-33.77176562837488,1,0.6954427191826899,0.9785215805629596,0.3608488759578411,0.0008372213636843595,0.6554628246466678,103.83746820248982,98847,3,42,stairway to heaven and she's buying a stairway to heaven
track_0246,Song 246,Artist 24,rock,0.4003296712927542,0.3318796297000841,4,-26.934333004714304,0,0.7420528254042368,0.9996504481703623,0.12987943610230968,0.20972925034100298,0.36469545308556095,70.29067970214416,93419,4,42,love me tender love me true all my dreams fulfill
track_0247,Song 247,Artist 24,classical,0.503458346669486,0.5811361464696159,5,-57.87290432160488,0,0.28147780634250485,0.6227322304902166,0.15735775439862698,0.5157141010204525,0.6371393744168723,79.74131322908255,205552,5,38,nothing else matters nothing else matters
track_0248,Song 248,Artist 24,pop,0.016907098032113765,0.3816757776095573,1,-53.95381399177442,1,0.9459501005709591,0.05693202909732087,0.1449133689675992,0.9250345935650572,0.18629032928849332,84.33793078518669,296606,5,0,bohemian rhapsody is this the real life
track_0249,Song 249,Artist 24,classical,0.3259779124519435,0.1826917862994234,6,-1.4147756979049433,0,0.8301737805076171,0.5035644546941817,0.4604626210076995,0.9091751099228049,0.9251845745017108,81.1341729895523,78019,5,5,nothing else matters nothing else matters
track_0250,Song 250,Artist 25,hip-hop,0.1590890476226794,0.012209799348874784,1,-50.453297396584375,1,0.980750880992636,0.8238479758088049,0.060853872818007804,0.9724178133000416,0.21516109893129753,110.38803635821333,213889,5,54,smells like teen spirit with the lights out
track_0251,Song 251,Artist 25,jazz,0.17938827971962157,0.7653584210477824,1,-48.636027140335436,1,0.23450028995398697,0.3926011317031656,0.8556234181335879,0.38563624396476426,0.6527778272827051,124.03028571330427,205303,5,64,bohemian rhapsody is this the real life
track_0252,Song 252,Artist 25,hip-hop,0.9662056159739697,0.10235664585335524,3,-35.600279664721455,0,0.8620042120505934,0.996084780090177,0.8907449964581365,0.7366070567050502,0.6362177138017006,60.32196148864084,200242,3,40,yesterday all my troubles seemed so far away
track_0253,Song 253,Artist 25,pop,0.18771288347548942,0.06297632172688261,2,-29.757718461309953,0,0.8980025310324872,0.7778607221854982,0.9909000948747048,0.3391645941909057,0.4161983576991236,129.09925101706065,94081,4,38,we are the champions my friends
track_0254,Song 254,Artist 25,pop,0.23152155503441008,0.026556307152628578,6,-0.013091893505986718,0,0.8276153915413781,0.8459781240279343,0.8125371192710992,0.6485159968562652,0.5661302485488311,68.94862108569676,266842,3,55,love me tender love me true all my dreams fulfill
track_0255,Song 255,Artist 25,pop,0.21759452421234038,0.04917415776871592,5,-5.928274249976191,1,0.6169147754740051,0.00142047202145823,0.37822598714010225,0.9035403826894113,0.6770387378096924,140.1300780975056,212951,5,43,nothing else matters nothing else matters
track_0256,Song 256,Artist 25,electronic,0.8265610271510527,0.6856157378723762,8,-3.5927852845037194,0,0.8752155013996833,0.08591035504002897,0.2611193595490473,0.7583976557081779,0.1536533500697771,163.48651547544438,109572,3,83,we are the champions my friends
track_0257,Song 257,Artist 25,jazz,0.40297733327952334,0.8314166659293154,7,-18.527449472655533,0,0.21903742051100739,0.07347352869108448,0.21965792849409127,0.9503271437154804,0.7245980741501863,79.2867592334684,117106,3,53,stairway to heaven and she's buying a stairway to heaven
track_0258,Song 258,Artist 25,jazz,0.29219559681343144,0.7690897735761236,10,-46.44359624645574,1,0.8970819679953649,0.42563245865016086,0.9498544659647199,0.18647233545984354,0.3444041952461193,130.65448696516845,131921,3,10,nothing else matters nothing else matters
track_0259,Song 259,Artist 25,hip-hop,0.29735805541612836,0.8547807612247729,9,-30.842516611709858,0,0.44532204149470067,0.02615406250275132,0.7326743780198952,0.5110274076519082,0.9078946292870005,179.67250874985433,251843,3,71,we are the champions my friends
track_0260,Song 260,Artist 26,classical,0.1975199157274592,0.5933603559057854,9,-30.0603292277327,0,0.3410727744099331,0.9315321472317742,0.72101445117001,0.5603883567503539,0.1462659518221554,66.25374871353398,93358,4,5,sweet child of mine she's got eyes of the bluest skies
track_0261,Song 261,Artist 26,country,0.1253581091266317,0.034188639402861765,0,-5.563143854224641,0,0.7322706519243767,0.7248276279311596,0.37958010890256577,0.37423853811215124,0.06110763241658612,51.82425127287968,275636,4,78,hotel california welcome to the hotel california
track_0262,Song 262,Artist 26,rock,0.44009209922011994,0.23440146344412438,1,-19.83905682962051,0,0.6498906012309201,0.43071597192068833,0.9473162118234,0.10010073598760816,0.49676573977769956,67.38888525701852,263625,4,60,imagine all the people living life in peace
track_0263,Song 263,Artist 26,hip-hop,0.8498464209550494,0.315784704253825,0,-13.894285344127738,1,0.8418317622617898,0.7929200069634117,0.10344824717887724,0.3017841470555853,0.25981354441253723,90.95893228308907,243480,4,76,we are the champions my friends
track_0264,Song 264,Artist 26,jazz,0.6892894725072236,0.7035450367823646,6,-23.134553769709946,0,0.8868471769395737,0.8521144282587516,0.5777438393016325,0.7098238264224636,0.8238511535173954,84.24624241516821,105028,5,85,sweet child of mine she's got eyes of the bluest skies
track_0265,Song 265,Artist 26,reggae,0.5965055496288544,0.7387001717182222,0,-27.183819067348658,1,0.6988219474945545,0.6386942311968026,0.4577294266837303,0.046892960024650265,0.8307709117706185,132.43994537917035,70338,3,41,smells like teen spirit with the lights out
track_0266,Song 266,Artist 26,classical,0.42819478724679516,0.33262209278526533,5,-40.100436668580684,1,0.8853849719748053,0.8091805317567468,0.6535008425506879,0.05456734051255252,0.16823014743475484,89.90462477479372,198809,4,55,yesterday all my troubles seemed so far away
track_0267,Song 267,Artist 26,jazz,0.2932502522678404,0.7300624900730814,1,-35.71086600289803,1,0.5318359464028625,0.9119125643244833,0.9987483443568688,0.6612896845216626,0.7553236597511316,102.74064764883241,78557,5,31,imagine all the people living life in peace
track_0268,Song 268,Artist 26,jazz,0.07399613124484306,0.5783499889272747,2,-40.91495951007345,1,0.20891279871334134,0.8821871698165076,0.0838055733079831,0.3808249498613343,0.23568563236601747,85.12777760518742,77373,4,29,yesterday all my troubles seemed so far away
track_0269,Song 269,Artist 26,classical,0.8565908194466451,0.20440340986568806,6,-6.93354198944337,1,0.2446946455906901,0.23212131877150632,0.4919310697891146,0.25789186026569877,0.678756341858815,64.11134930328559,85750,5,80,hotel california welcome to the hotel california
track_0270,Song 270,Artist 27,classical,0.4120703032173031,0.5561091635727655,9,-31.044048292542335,1,0.3322969165564086,0.8012626054833357,0.7894470450478198,0.9278246749551188,0.8289543197315269,191.92876609792066,83351,3,31,nothing else matters nothing else matters
track_0271,Song 271,Artist 27,hip-hop,0.9389076415185462,0.7155780031418923,9,-45.36214688265348,0,0.32033971563409025,0.8232666975943049,0.46348424148265677,0.5204745738172836,0.8683521704355742,136.89605407643396,148829,5,49,stairway to heaven and she's buying a stairway to heaven
track_0272,Song 272,Artist 27,reggae,0.42946020278956765,0.3523983347656552,6,-58.03023616228944,1,0.6704990186556316,0.9278661200862677,0.9724597082637721,0.49253293346958027,0.038548176266411494,129.07369943583657,278539,5,40,imagine all the people living life in peace
track_0273,Song 273,Artist 27,classical,0.09104709932238175,0.7417723515598096,0,-9.44659417121197,0,0.6819942615439629,0.6822840192701378,0.3224556383329127,0.8672392793040357,0.6302625749508738,145.58529458649394,231593,5,93,hotel california welcome to the hotel california
track_0274,Song 274,Artist 27,hip-hop,0.26219773625887177,0.19780396136888267,6,-21.557256565689848,0,0.8575578792163511,0.5114197215274737,0.9186749506427327,0.44522459920088564,0.5431536056238984,52.25698598781327,82165,4,62,yesterday all my troubles seemed so far away
track_0275,Song 275,Artist 27,classical,0.894107294292038,0.21192175878999697,3,-17.001278508442546,0,0.10257918237206332,0.5293932835484612,0.9563251066204927,0.1180447061685218,0.8295984407057279,194.73413923526192,236191,5,35,stairway to heaven and she's buying a stairway to heaven
track_0276,Song 276,Artist 27,hip-hop,0.2795171889754834,0.7843621649836485,8,-55.88723993427253,1,0.9499038644197506,0.26573927964484756,0.30915612043366936,0.44974185877880857,0.5276056752156842,126.68200254242689,243200,5,9,nothing else matters nothing else matters
track_0277,Song 277,Artist 27,country,0.31918983577341,0.14471910251208875,8,-41.206353639703295,1,0.7110053756378053,0.6938583117348163,0.5427768832499138,0.607389632832745,0.9839337792563524,91.26986396311673,63144,4,99,hotel california welcome to the hotel california
track_0278,Song 278,Artist 27,electronic,0.5368172467869822,0.842743476092719,8,-56.608967932320404,1,0.36561909511491386,0.15367375007580442,0.3412894439075911,0.38808453087110906,0.4535830333097284,189.27292623442807,274300,5,13,nothing else matters nothing else matters
track_0279,Song 279,Artist 27,classical,0.4099661636822075,0.9527936975783573,5,-19.638018700741625,0,0.1243138322337678,0.7378668781913023,0.7506063707363198,0.45088219274350894,0.7444102331361837,139.75167763399142,191640,4,4,bohemian rhapsody is this the real life
track_0280,Song 280,Artist 28,reggae,0.40758592644307756,0.8043367285850719,9,-25.127836903073664,0,0.7299497720424346,0.37174491830472545,0.8818577987457482,0.039958118651404084,0.7951917515219876,187.68030620864232,82987,4,1,nothing else matters nothing else matters
track_0281,Song 281,Artist 28,hip-hop,0.5155756152667094,0.13133342449123675,5,-9.216917132056807,1,0.27704881821361904,0.4614750674109577,0.290998799979752,0.8720812378238363,0.5755156392101455,159.6427046144278,165554,4,14,imagine all the people living life in peace
track_0282,Song 282,Artist 28,jazz,0.9472685829381001,0.6938905269995578,11,-19.304537037821454,1,0.5668340550095677,0.2583066988152688,0.18775518694934412,0.37193556812460526,0.5247059161282599,90.52304512264038,254097,3,27,we are the champions my friends
track_0283,Song 283,Artist 28,pop,0.9182816226301463,0.17264320098046004,11,-24.758922684090585,1,0.558992500045669,0.43850746286756537,0.059379138818507204,0.21557310306655109,0.3176010799270276,164.0792111108209,266598,4,3,smells like teen spirit with the lights out
track_0284,Song 284,Artist 28,pop,0.7694171619773308,0.6765535003977671,3,-3.7551265992684577,0,0.9304700577987727,0.0937658083486238,0.8755412785460356,0.4596747145431558,0.5036217434461537,50.330475936555494,182257,4,97,we are the champions my friends
track_0285,Song 285,Artist 28,pop,0.8991182543741519,0.5066739667917665,10,-24.589362576907078,0,0.584141949946662,0.6411355966369697,0.5080155338451728,0.6425945370897855,0.21735158023344392,68.40377687300892,282058,3,42,smells like teen spirit with the lights out
track_0286,Song 286,Artist 28,electronic,0.09171360357830927,0.36704391907183787,7,-39.2601442782609,0,0.44946002464724055,0.7661342305186976,0.11552720634908376,0.0073775911319569065,0.935658356205092,165.13037683575942,260444,3,37,imagine all the people living life in peace
track_0287,Song 287,Artist 28,hip-hop,0.4015047869277609,0.16289720875208613,11,-41.87819542951432,0,0.8288525609658964,0.32258569548927707,0.8003410985017949,0.1602588289175646,0.03334822453423203,82.1632316917088,212904,3,44,love me tender love me true all my dreams fulfill
track_0288,Song 288,Artist 28,hip-hop,0.33231102313140704,0.666636293328975,3,-38.73855554874295,1,0.14776153964861538,0.9800949764001972,0.9291063821559133,0.8806444084618918,0.50191140790758,112.7872252528293,237449,5,85,imagine all the people living life in peace
track_0289,Song 289,Artist 28,electronic,0.22454381156246306,0.6518332684925516,10,-31.034897043744746,0,0.20668644619375387,0.2933412851012489,0.831894534116793,0.8502546153141912,0.5405811210941227,167.09669231522486,95911,4,56,we are the champions my friends
track_0290,Song 290,Artist 29,jazz,0.49731684133180665,0.6259147433124992,4,-44.85192678235756,0,0.41888602247114637,0.17008092157016286,0.6084167031627918,0.9546154193774067,0.5544543396074348,155.8839956974003,196322,4,51,sweet child of mine she's got eyes of the bluest skies
track_0291,Song 291,Artist 29,reggae,0.8176594332152864,0.5756198299663523,0,-56.25582267885861,1,0.9133908416892519,0.6530898292683109,0.0868040337060485,0.9166147394700517,0.6852769593868322,133.63257294285114,71021,5,33,imagine all the people living life in peace
track_0292,Song 292,Artist 29,country,0.03747829314063511,0.7446967792170467,6,-14.42722425493556,0,0.8456589670576601,0.5943898509942409,0.8144508305359168,0.051364452717107656,0.7065368768797541,169.3315895410601,110395,4,59,sweet child of mine she's got eyes of the bluest skies
track_0293,Song 293,Artist 29,country,0.4763661539687216,0.8841000576507592,1,-26.57029365403359,0,0.9269278084415813,0.32678854314171946,0.1673439715220143,0.3296972361023277,0.21814222930060412,162.79285407703486,243988,4,12,love me tender love me true all my dreams fulfill
track_0294,Song 294,Artist 29,pop,0.04607305826619157,0.16609361191691785,4,-7.109432197344589,1,0.31643169794272064,0.6227496939331291,0.6599379756954985,0.7132155464616228,0.6080749266548596,81.06533191564253,201366,3,76,nothing else matters nothing else matters
track_0295,Song 295,Artist 29,jazz,0.017445994471988024,0.3773335600221144,5,-29.66165008731718,1,0.46100150937848894,0.4050188314200518,0.8295519269029608,0.40700542478926216,0.8397145397452392,61.67931925850096,154435,4,62,imagine all the people living life in peace
track_0296,Song 296,Artist 29,pop,0.016952026463467496,0.42372839401266527,5,-22.785129542690477,0,0.1847044133384259,0.26857836330432594,0.15544363528904226,0.1402799667455995,0.6031715255654042,90.42081432849072,202458,4,43,hotel california welcome to the hotel california
track_0297,Song 297,Artist 29,classical,0.06425924640776082,0.9486104630008382,1,-0.8577949833978806,0,0.10500314151814927,0.7626829768202835,0.7628666348633395,0.781900636969353,0.5305955568376464,53.63689784523621,186909,4,70,smells like teen spirit with the lights out
track_0298,Song 298,Artist 29,hip-hop,0.14869073248696718,0.048286623614519186,5,-57.59656403646468,1,0.9255664190904375,0.13642991697345885,0.48128583370044464,0.12037462345407846,0.17928861702413557,83.93693984980825,63172,4,61,sweet child of mine she's got eyes of the bluest skies
track_0299,Song 299,Artist 29,electronic,0.4117097602627038,0.13969282692848217,4,-47.175565391211165,0,0.7913708748133641,0.8585508573344858,0.6790407454976801,0.9702333572199577,0.012341296935351687,163.12692915061186,206594,3,46,hotel california welcome to the hotel california
track_0300,Song 300,Artist 30,classical,0.6267789593939876,0.6688395717308988,1,-54.745897489503704,1,0.6990643147476043,0.49880163949181977,0.10648494841996503,0.09206208607805533,0.05923710076458233,108.18490796979114,274801,5,37,nothing else matters nothing else matters
track_0301,Song 301,Artist 30,reggae,0.6136062218942263,0.8777406651263473,1,-22.651555228522525,0,0.4831168532169797,0.4590796007962278,0.059228968758396006,0.13762024737443568,0.5195291632372669,84.48432322152959,185019,4,48,bohemian rhapsody is this the real life
track_0302,Song 302,Artist 30,rock,0.35609587367560425,0.788070502082037,10,-40.79612310047049,0,0.38126518852283653,0.08566345169841505,0.384799107348646,0.30020178454907054,0.5313930897400221,126.82266847550626,197053,5,92,hotel california welcome to the hotel california
track_0303,Song 303,Artist 30,rock,0.4337422092060641,0.1165649444487219,1,-8.62887166408423,0,0.10313015316740981,0.30624564863135906,0.0003309659499811657,0.2893270735460166,0.5769677214703232,183.55568579584943,227409,4,55,imagine all the people living life in peace
track_0304,Song 304,Artist 30,reggae,0.6701398370236812,0.3497072352964594,2,-23.470684999872063,0,0.5452972165207628,0.34603128870618405,0.32065656341596105,0.20978026181019016,0.9378666514622753,184.72321726654204,194536,5,10,bohemian rhapsody is this the real life
track_0305,Song 305,Artist 30,jazz,0.07859919143003835,0.866810724831671,6,-5.184739102762606,1,0.049475993039886035,0.2292139344617874,0.8647357415360284,0.01966353992905545,0.4081112940416729,73.97414657880609,136234,3,67,bohemian rhapsody is this the real life
track_0306,Song 306,Artist 30,hip-hop,0.91670619198463,0.31892460126005573,0,-46.73710849142881,0,0.47555221432174377,0.9925144012779298,0.31765241671020905,0.9269313189929277,0.11933729728719611,134.8551776724342,83107,4,54,imagine all the people living life in peace
track_0307,Song 307,Artist 30,pop,0.44013297322691713,0.6870193447903976,10,-13.130281089552284,0,0.7584562742005131,0.4811497677623524,0.5108761466554698,0.43944322818067905,0.6439173950534053,154.32651981977222,177057,4,96,sweet child of mine she's got eyes of the bluest skies
track_0308,Song 308,Artist 30,hip-hop,0.17976551684238828,0.6473415528506762,10,-52.67601775154539,1,0.13781706759378354,0.46273106398292596,0.7213927559477314,0.388737910703991,0.35327358543277954,196.97643208299243,95587,4,6,we are the champions my friends
track_0309,Song 309,Artist 30,reggae,0.9576578413820015,0.009037503364574428,10,-36.72096958313496,1,0.8959186189367042,0.5971306713536436,0.4384355867530906,0.8714405584657724,0.24114219574071516,147.29006482970544,146461,5,35,nothing else matters nothing else matters
track_0310,Song 310,Artist 31,reggae,0.2208563938978525,0.6290978348010248,6,-12.621490076932005,1,0.9799243501939889,0.5399237051930661,0.6042762015817769,0.44014028089038415,0.5824952440704207,61.952400692018315,116767,5,74,imagine all the people living life in peace
track_0311,Song 311,Artist 31,classical,0.7013447935360511,0.9418801266938809,2,-52.87116131961493,1,0.537061523792903,0.05762120193336184,0.3307553175636099,0.6292391622764517,0.08943395490985984,163.34310519109692,134395,3,25,we are the champions my friends
track_0312,Song 312,Artist 31,electronic,0.32872214867839644,0.2564238014847511,5,-53.34624958106676,0,0.6857686035817858,0.44628040985599593,0.9955030777470868,0.04793949919209406,0.8951641526644439,192.87336304932666,279647,3,64,yesterday all my troubles seemed so far away
track_0313,Song 313,Artist 31,hip-hop,0.459498057103333,0.5287684656300715,2,-14.515514466981486,0,0.11647416301442448,0.036633149634488715,0.3091316361103009,0.2500110424875259,0.7716603670862684,82.38307930302676,234679,4,92,bohemian rhapsody is this the real life
track_0314,Song 314,Artist 31,pop,0.10771654922159413,0.777258377097191,8,-17.550778280077083,1,0.6093023730261877,0.5814305971949212,0.9965566725602353,0.7705448840404964,0.16122098530392592,110.21621697942182,206076,3,70,imagine all the people living life in peace
track_0315,Song 315,Artist 31,reggae,0.3034321352860415,0.2595965586022001,10,-0.18940796511960656,1,0.24380403004308526,0.7512518109533924,0.6933680049744554,0.015481242270264595,0.6096196433420202,51.05130218632925,136345,5,15,sweet child of mine she's got eyes of the bluest skies
track_0316,Song 316,Artist 31,rock,0.9745459421530058,0.2449401655341431,0,-42.847747616287776,0,0.2114001713582102,0.3386034608418116,0.33281634692378304,0.8275798404821199,0.5069138330438068,102.22843535836297,274683,4,32,bohemian rhapsody is this the real life
track_0317,Song 317,Artist 31,rock,0.5830635065841754,0.7239160966222424,4,-20.148005947479355,1,0.8009237775785883,0.08467994412438407,0.0821701079139403,0.011902380541337299,0.7120856442628906,137.49727080738666,65742,4,87,yesterday all my troubles seemed so far away
track_0318,Song 318,Artist 31,classical,0.3648081044875865,0.23017298931959274,7,-7.197725252783265,1,0.042769739220888114,0.5791528775208507,0.43176139803898994,0.007192894145612527,0.04467645261142794,129.83313105863766,223920,3,64,imagine all the people living life in peace
track_0319,Song 319,Artist 31,country,0.05683373741396336,0.5650235652485485,7,-36.66511352933978,0,0.25837307707336266,0.6806098553601164,0.3346170159280343,0.9360385903369802,0.2929882549511488,145.5376941285411,181289,4,31,imagine all the people living life in peace
track_0320,Song 320,Artist 32,classical,0.9503075538426664,0.22421639542723015,0,-16.768215070570832,0,0.5093075341204183,0.10082635245312022,0.19647892980220916,0.6244686671458577,0.07620358641687675,86.95919414895775,270562,3,89,smells like teen spirit with the lights out
track_0321,Song 321,Artist 32,rock,0.6173337019168529,0.6182546480659202,3,-59.91300372071141,1,0.6497920798519778,0.24024189143584385,0.5002824127938101,0.6972117804352801,0.6446157357261488,169.6346029806934,167650,3,69,sweet child of mine she's got eyes of the bluest skies
track_0322,Song 322,Artist 32,jazz,0.07755367289802462,0.9136957703189345,9,-55.875839332535236,0,0.0077148345710260635,0.2853943123894821,0.7475245013561942,0.8183314104389775,0.33814415309110346,50.13616274736088,142072,5,14,imagine all the people living life in peace
track_0323,Song 323,Artist 32,reggae,0.6155737462429639,0.926192826162757,1,-57.8466367209875,0,0.36234526041582105,0.22445087515564743,0.48990382199969806,0.2436481518495457,0.24949848081413717,70.54873240491214,141214,3,56,sweet child of mine she's got eyes of the bluest skies
track_0324,Song 324,Artist 32,reggae,0.6698790886161262,0.6458249554403794,2,-7.137559435632838,1,0.8974663622874717,0.2109919576846413,0.2893838242172547,0.33037389130313355,0.40964335880649416,170.52296986801292,234461,4,26,smells like teen spirit with the lights out
track_0325,Song 325,Artist 32,hip-hop,0.4056540174169002,0.7539138938440508,2,-25.37519837657068,1,0.9179980413074924,0.9412780876933483,0.9106722085956658,0.4175311117257776,0.6902644281048984,136.86884553189486,240462,4,37,smells like teen spirit with the lights out
track_0326,Song 326,Artist 32,reggae,0.4305999189447286,0.3870362745703496,7,-56.27375703000213,1,0.2901900105729599,0.34893545531719805,0.5743675694443747,0.48363859830125366,0.9801307781870899,184.51386060251133,88722,3,63,we are the champions my friends
track_0327,Song 327,Artist 32,jazz,0.5115916644167543,0.26165735269081736,1,-31.432660321075335,1,0.6981890782346656,0.47853140488767876,0.7858891578481039,0.09190526698226165,0.21845172823967174,111.23774351514592,296527,5,15,sweet child of mine she's got eyes of the bluest skies
track_0328,Song 328,Artist 32,jazz,0.7543255435979104,0.3193819432848991,11,-53.09224311530656,1,0.5834287403742708,0.9065176523028228,0.4210174930156879,0.40678951028782917,0.42001545487364556,150.28667506989564,232369,3,25,imagine all the people living life in peace
track_0329,Song 329,Artist 32,rock,0.1449749447527925,0.002403517589880111,7,-52.21736462375231,1,0.49450003195127434,0.8500034853756117,0.4468527936602035,0.30940539644545806,0.6704863537043668,53.50137089004476,109616,4,90,hotel california welcome to the hotel california
track_0330,Song 330,Artist 33,electronic,0.6249425783952123,0.5118729226920975,2,-44.52067408570468,0,0.45170234201198256,0.7536423561204909,0.8104792478404277,0.32469673633316365,0.9773678717068586,55.16865046267561,214512,3,83,nothing else matters nothing else matters
track_0331,Song 331,Artist 33,rock,0.8987319122568093,0.918294899167895,0,-26.712868394422046,0,0.3870232195235269,0.8309908176603549,0.6214807126840358,0.034279501261602174,0.2689441379360601,117.63223885290463,250544,4,15,love me tender love me true all my dreams fulfill
track_0332,Song 332,Artist 33,reggae,0.40215300404357723,0.9816645275243631,8,-54.25903473909961,0,0.3433590778619945,0.04421947785716662,0.2496613550786546,0.4038959737759803,0.11196274240386728,155.24815278351988,103577,4,6,imagine all the people living life in peace
track_0333,Song 333,Artist 33,hip-hop,0.28563467523979136,0.31281544176271914,0,-49.970823233269655,0,0.16266227272631495,0.14762165611189737,0.9894401527832858,0.36629807107404255,0.6079984777411838,121.07723341630917,154052,3,63,yesterday all my troubles seemed so far away
track_0334,Song 334,Artist 33,pop,0.3791681471205727,0.052133670093713946,7,-28.667067249675075,1,0.7798844110337919,0.3926342469432452,0.9963164828384443,0.7493492650048483,0.07042101589985161,98.87288976431023,265635,3,60,smells like teen spirit with the lights out
track_0335,Song 335,Artist 33,hip-hop,0.5543211089773565,0.6067187707136088,8,-13.335711385004636,1,0.06662297316044585,0.37572277557753153,0.15709201127455996,0.23743743390902206,0.14363155612245526,96.53155332243784,98588,5,26,stairway to heaven and she's buying a stairway to heaven
track_0336,Song 336,Artist 33,reggae,0.6558228543908261,0.15689062988067493,8,-25.006230087530653,1,0.5934789217318542,0.42902788240672896,0.5568236267065922,0.5861989227659248,0.22101272020892804,52.57292422203417,184646,4,82,hotel california welcome to the hotel california
track_0337,Song 337,Artist 33,country,0.05888263087283874,0.7649958615691766,2,-1.31808861768571,0,0.32125002837890226,0.6472136804493219,0.8393879170049197,0.04305879020669656,0.5958763284422877,151.90583852510036,144663,5,2,sweet child of mine she's got eyes of the bluest skies
track_0338,Song 338,Artist 33,pop,0.6936793740843195,0.6374653758164277,11,-15.228590903122182,0,0.6729720365268909,0.14604796349430782,0.9518677293986615,0.4857211680941007,0.25105063041167186,124.10555606282507,62376,5,43,smells like teen spirit with the lights out
track_0339,Song 339,Artist 33,reggae,0.541080049423869,0.3463365304066728,10,-30.092169187604384,0,0.7116333267950717,0.764463897853115,0.9290433705120241,0.9259453730401831,0.12430119656154148,77.90070210665472,219929,5,65,sweet child of mine she's got eyes of the bluest skies
track_0340,Song 340,Artist 34,reggae,0.7851042554416445,0.9884489692559026,0,-14.23291896428342,0,0.26821996978714413,0.3382857855112328,0.7294469266069475,0.4994389208930241,0.8821457057892697,80.4852945664983,171629,4,74,we are the champions my friends
track_0341,Song 341,Artist 34,country,0.3298491111453603,0.4072028635542049,5,-21.539266140294444,1,0.6948489378265916,0.9443904739999508,0.7235817500232833,0.19390114040029216,0.7769222673928627,108.91638310931927,240184,4,75,bohemian rhapsody is this the real life
track_0342,Song 342,Artist 34,country,0.9616302628186764,0.4725871659262757,4,-52.971348158175815,1,0.1240351606006902,0.03159985695931422,0.29300897855174524,0.26253926000863514,0.9600579587598942,170.41186196516017,96208,5,45,bohemian rhapsody is this the real life
track_0343,Song 343,Artist 34,pop,0.7295186377218635,0.15565501886099442,5,-16.430952446186488,0,0.4892932144160873,0.7303347906467254,0.7302028502272043,0.7189825139141016,0.23118935384032524,76.24630017629718,62047,4,37,sweet child of mine she's got eyes of the bluest skies
track_0344,Song 344,Artist 34,country,0.0696192454194543,0.02465445742885608,0,-14.450053420189128,0,0.5262968040540359,0.8353281797815499,0.8952809705574513,0.6812483793342655,0.3603274998962248,146.73832012797794,120371,5,84,hotel california welcome to the hotel california
track_0345,Song 345,Artist 34,hip-hop,0.645734775797148,0.07967839054344672,0,-4.891634150452212,1,0.8375063829383456,0.5071750942105553,0.09283598214656652,0.2918393493169098,0.8100987946594084,85.38245587912567,264966,3,83,nothing else matters nothing else matters
track_0346,Song 346,Artist 34,hip-hop,0.6120071716744827,0.05055458730066131,11,-26.392143706878805,0,0.657032965133674,0.6781879011643428,0.5003441681465238,0.7402606091334143,0.8795935638332383,128.6057849333954,243414,4,43,nothing else matters nothing else matters
track_0347,Song 347,Artist 34,classical,0.9702845875686285,0.7789619693732803,1,-48.76613261367464,0,0.2562073173337187,0.046535118481750515,0.6671079957762922,0.37087508709662687,0.4295700451527419,152.7947669293983,194000,4,72,sweet child of mine she's got eyes of the bluest skies
track_0348,Song 348,Artist 34,hip-hop,0.3998381627410146,0.6973050612460208,1,-1.4247406325774534,1,0.5715549375379959,0.9657118356495895,0.15692269774903544,0.3438575891789887,0.7727419363553352,76.79780649787914,290112,5,73,hotel california welcome to the hotel california
track_0349,Song 349,Artist 34,rock,0.9617777196142209,0.655724355452242,9,-20.872236385987875,1,0.6161780840534739,0.9572953544836125,0.5306268741782334,0.9750247119691239,0.17270325162515987,198.06755104942584,114401,5,58,hotel california welcome to the hotel california
track_0350,Song 350,Artist 35,classical,0.971575440411483,0.5085012894254438,11,-39.27736986310633,0,0.7277868243920342,0.25522480982920337,0.3796869494258335,0.44366927493530073,0.4048637358756131,196.37667504736507,253726,3,5,love me tender love me true all my dreams fulfill
track_0351,Song 351,Artist 35,reggae,0.019161974512440505,0.4658255214174254,11,-7.709888728192915,0,0.3480423142945791,0.9886315512647293,0.725216060612628,0.32763179882253723,0.2748220554498021,107.67009342423611,174725,3,27,love me tender love me true all my dreams fulfill
track_0352,Song 352,Artist 35,reggae,0.4868309869597913,0.5193384795104907,7,-15.794400875541832,0,0.5732576377450987,0.17307107439380143,0.970899045060865,0.2337274956374158,0.10703603882269908,60.37132474146109,179714,5,58,nothing else matters nothing else matters
track_0353,Song 353,Artist 35,classical,0.40451995211907055,0.4505962296058802,10,-43.08269230382817,1,0.3805100908793343,0.06465984306147876,0.5613647656732382,0.3664309853713329,0.6737321740293862,195.7780264210288,237157,4,54,smells like teen spirit with the lights out
track_0354,Song 354,Artist 35,pop,0.9623450591257031,0.22274446734372566,1,-41.05814408630793,1,0.9645100489749665,0.5256990139336526,0.9555334633918644,0.6679881177956032,0.1352648540106105,89.53034609828885,133488,5,39,smells like teen spirit with the lights out
track_0355,Song 355,Artist 35,rock,0.018300072297562697,0.26637669628875305,4,-51.70298915988336,0,0.9889366619359519,0.008476870093185429,0.5702100338450795,0.3678089987928016,0.2843117466876518,96.14090629499879,164551,5,70,sweet child of mine she's got eyes of the bluest skies
track_0356,Song 356,Artist 35,pop,0.2807281132911271,0.6545620721313895,0,-44.1752183917889,1,0.8394467660161076,0.22721579182623253,0.6025645969675183,0.7153879547772873,0.13191171399787116,56.670582789250474,274540,4,92,hotel california welcome to the hotel california
track_0357,Song 357,Artist 35,hip-hop,0.13740213553265868,0.10312654102921992,4,-48.44372440835779,1,0.43976059029411063,0.5695918135032341,0.9044070046467885,0.7865241933605007,0.06307103656226598,70.83556896890076,266455,3,79,smells like teen spirit with the lights out
track_0358,Song 358,Artist 35,hip-hop,0.2686645435463867,0.4680393725796842,3,-22.65922611998262,0,0.19159845783930907,0.003061474487022542,0.31013583531177935,0.6975832396625053,0.23535512264752323,133.7771082283188,99404,4,9,smells like teen spirit with the lights out
track_0359,Song 359,Artist 35,reggae,0.8785502377827569,0.9467635320671702,3,-58.06104108706683,0,0.5524583119629782,0.5531391710012109,0.23179741353873362,0.4794953674198559,0.689345130083948,110.08844583764002,72332,5,38,stairway to heaven and she's buying a stairway to heaven
track_0360,Song 360,Artist 36,reggae,0.9139025649642473,0.9281661703496017,8,-33.45903593661937,1,0.19926726494636682,0.29628283663343835,0.6159309404781103,0.7263238757901106,0.19579148273793634,190.65151330165122,203403,3,2,imagine all the people living life in peace
track_0361,Song 361,Artist 36,classical,0.7433422093332313,0.0892763707763049,2,-15.112927536927252,1,0.2869986176502526,0.8795561102586156,0.7221029301985452,0.20036126723228265,0.6198507049949816,56.178090086185435,248092,5,31,yesterday all my troubles seemed so far away
track_0362,Song 362,Artist 36,electronic,0.7510721327558545,0.847573744446405,7,-57.43394173302242,0,0.9859325626017063,0.7668539146860912,0.0713719845421057,0.983323337709394,0.01226959249866999,67.47701795892306,179795,4,23,nothing else matters nothing else matters
track_0363,Song 363,Artist 36,reggae,0.056443310977089434,0.3892403759926276,5,-37.28246507792648,1,0.2543424419022522,0.13917180946431373,0.08051548288466093,0.29859622581279255,0.5703659457838862,75.72400367364368,93629,4,17,stairway to heaven and she's buying a stairway to heaven
track_0364,Song 364,Artist 36,pop,0.2121162115659999,0.719834105101378,2,-13.65224410973898,1,0.7646071360206083,0.6948744618823217,0.6240514779308856,0.20742401168194124,0.07379080224988432,82.3569117016441,233669,4,39,nothing else matters nothing else matters
track_0365,Song 365,Artist 36,jazz,0.5593591177469561,0.43146037510931234,0,-41.73245637269869,1,0.9280699084057819,0.4593700790096086,0.3194667041528717,0.7176398846133454,0.40800591887040794,91.62580302561655,295330,5,34,stairway to heaven and she's buying a stairway to heaven
track_0366,Song 366,Artist 36,electronic,0.5402103835521725,0.20115110756011256,1,-7.179764604248135,1,0.09305130879854673,0.7834308605220079,0.23401990220908275,0.6576707169536348,0.7186037441607175,159.75001931759496,133321,4,4,bohemian rhapsody is this the real life
track_0367,Song 367,Artist 36,classical,0.837916952970291,0.9722328584220279,7,-43.98926017648873,1,0.6321395810815905,0.41374768832794473,0.7172129531432445,0.8716198761417976,0.17727976740119566,154.52310468649523,212888,5,79,we are the champions my friends
track_0368,Song 368,Artist 36,country,0.12131362106919652,0.20429620634920775,9,-57.29549419726335,1,0.11213902386976182,0.4954272883972537,0.7299883875490668,0.8802875447638957,0.9587069386207011,175.40594770376848,274602,4,24,we are the champions my friends
track_0369,Song 369,Artist 36,classical,0.10185588990880279,0.8383353892715151,0,-1.8825394096934573,0,0.7261618537206864,0.5777587290867722,0.15320378201301743,0.5862501243053986,0.33700102920045905,169.55652400643976,219404,5,24,yesterday all my troubles seemed so far away
track_0370,Song 370,Artist 37,electronic,0.007944769225602943,0.34270820657886003,0,-33.15047110418287,0,0.7265646848517185,0.9886257540422062,0.38165920999289205,0.5652939261846395,0.06780892201883515,102.8713788166464,299267,3,10,yesterday all my troubles seemed so far away
track_0371,Song 371,Artist 37,rock,0.48746972841317426,0.6347734962434511,8,-9.896266245747604,0,0.6969987406421283,0.41706235074495845,0.07877011211607321,0.08055333882301463,0.4955203960024612,92.64064831674266,247673,5,49,hotel california welcome to the hotel california
track_0372,Song 372,Artist 37,classical,0.7955773889714983,0.7175864305917337,8,-41.737871389705205,1,0.9700532936674672,0.5733632537093187,0.9302627922687394,0.015851811654316816,0.851943578372777,135.37389340005143,170635,3,4,imagine all the people living life in peace
track_0373,Song 373,Artist 37,reggae,0.027386251603896294,0.9442824863171444,7,-33.417472081643936,1,0.5112232939811644,0.06552815183338878,0.8248750116534631,0.6383338194558162,0.45286593327913083,159.74089279683625,272233,4,43,smells like teen spirit with the lights out
track_0374,Song 374,Artist 37,rock,0.49704236520346834,0.021870351539274857,6,-42.60235964595964,1,0.9378574520745392,0.14356416159470564,0.49646424578571147,0.8527342606118606,0.24562006754435184,134.04711692738755,113708,3,68,hotel california welcome to the hotel california
track_0375,Song 375,Artist 37,rock,0.146147548853925,0.1825770178856696,8,-43.35095309416761,1,0.5553573639966939,0.7205885792185189,0.18155330811781545,0.6004212899825734,0.5803001603114644,169.30099646386424,198127,4,4,sweet child of mine she's got eyes of the bluest skies
track_0376,Song 376,Artist 37,electronic,0.6663683336398056,0.5916627690200363,0,-0.5390680809328856,1,0.1386834483210072,0.8680133651397897,0.4799775302344089,0.6234323233696473,0.49705577784964217,102.26430911314175,179104,3,50,sweet child of mine she's got eyes of the bluest skies
track_0377,Song 377,Artist 37,jazz,0.41563347601686795,0.48082450007628363,7,-2.78121217726202,1,0.8628182944046874,0.6194608392534559,0.8799734754414859,0.7931234800360876,0.4604582653520741,174.97805227903092,262951,3,13,hotel california welcome to the hotel california
track_0378,Song 378,Artist 37,rock,0.3296241987004612,0.6574265509117847,5,-21.19640988587983,1,0.30534431334620316,0.23617458189077145,0.9654591224002186,0.3356542634500188,0.5188463846989189,138.9536087608359,204369,4,63,yesterday all my troubles seemed so far away
track_0379,Song 379,Artist 37,hip-hop,0.8877601930236995,0.9425649054643619,9,-45.66084641488505,0,0.33928868421884784,0.3304062453441303,0.2630684867779224,0.8110267606942705,0.11152544419598887,53.0833432471712,197216,3,74,nothing else matters nothing else matters
track_0380,Song 380,Artist 38,rock,0.6061165449668481,0.8031406107789182,4,-34.770033226942765,0,0.28178464522302804,0.6006020688751154,0.0283877043839591,0.32809420782811616,0.5313171220544334,82.93972150342027,92677,3,8,stairway to heaven and she's buying a stairway to heaven
track_0381,Song 381,Artist 38,rock,0.1809220381308294,0.9160007496636992,7,-3.4659395797249246,0,0.3236848593002545,0.4755276960756659,0.7581366129775052,0.328353991581932,0.12086223102518356,197.23955046536693,171083,3,18,imagine all the people living life in peace
track_0382,Song 382,Artist 38,reggae,0.46447450987066696,0.9008497433688307,11,-6.208950746325719,1,0.753121505183477,0.24170962801746487,0.45240777001950605,0.10072385539467932,0.06686603399229696,121.40004363746203,159083,3,14,imagine all the people living life in peace
track_0383,Song 383,Artist 38,country,0.26182549165330893,0.4061056589717481,4,-5.410865755754401,0,0.5456168917874413,0.3902134249965039,0.6089467211397458,0.7722133320912022,0.8360243150268346,133.42163612852303,195818,3,60,hotel california welcome to the hotel california
track_0384,Song 384,Artist 38,reggae,0.9921294552042722,0.6185593135873281,10,-58.97600707111545,0,0.933387758331571,0.5166171578067302,0.702689778343244,0.7749712773619182,0.5257877065644244,80.17459902986963,251770,4,30,stairway to heaven and she's buying a stairway to heaven
track_0385,Song 385,Artist 38,classical,0.8492944700080741,0.23468323383795864,11,-1.9476747050912024,0,0.057120223881928944,0.8197819825598107,0.8394886263936833,0.21963705448640158,0.9731888669563528,131.0518203505282,126473,3,25,sweet child of mine she's got eyes of the bluest skies
track_0386,Song 386,Artist 38,jazz,0.9755381571551214,0.6433326220418816,4,-45.76000710230234,1,0.5992775493939368,0.171121992111257,0.6574153064128637,0.6169940449522527,0.14436263220332968,173.56973409868144,63154,4,42,yesterday all my troubles seemed so far away
track_0387,Song 387,Artist 38,reggae,0.19256536253051193,0.3536535627911862,5,-9.866991253626061,0,0.39843828644085855,0.11873882495370047,0.4045707234904028,0.31966145502081533,0.23251837953343157,165.0190859643956,246120,5,75,hotel california welcome to the hotel california
track_0388,Song 388,Artist 38,electronic,0.16235400919418508,0.2045593668430552,3,-8.448678346182191,0,0.2392548674058561,0.7844810988442295,0.08378392086616293,0.6849923781036674,0.6291791616642177,107.38709090964467,203645,5,77,bohemian rhapsody is this the real life
track_0389,Song 389,Artist 38,pop,0.5419845597557547,0.8328378156004196,9,-30.750464425424184,1,0.5042598865559234,0.9950398316162206,0.6581328285735973,0.9872489630098253,0.39105654074505214,165.20283027100712,222060,5,76,stairway to heaven and she's buying a stairway to heaven
track_0390,Song 390,Artist 39,hip-hop,0.2495614035045085,0.08249822226464398,11,-43.26282151900898,0,0.0619050456708502,0.7868801580225018,0.4898543802816896,0.06517181055288213,0.340660817861519,138.98960310442092,80545,3,88,stairway to heaven and she's buying a stairway to heaven
track_0391,Song 391,Artist 39,pop,0.6130645238420109,0.19033262172940768,0,-59.964243162788314,0,0.22294919512752853,0.9493483141501743,0.784533012210845,0.32443913096503796,0.9364295702755626,183.20848239004073,193828,5,1,we are the champions my friends
track_0392,Song 392,Artist 39,reggae,0.4433967861286312,0.04089929103321366,10,-8.852839632266928,1,0.058062808377239095,0.16362972770828166,0.45083999091587956,0.019447209874201565,0.8696427962858281,186.23977287993964,109997,5,8,sweet child of mine she's got eyes of the bluest skies
track_0393,Song 393,Artist 39,rock,0.6136613826597779,0.3271978679807924,6,-34.456032617307926,1,0.42777325493379315,0.9309230778177289,0.10376429715170277,0.3656609762306393,0.6755047181502981,91.14655914806548,280414,3,12,bohemian rhapsody is this the real life
track_0394,Song 394,Artist 39,jazz,0.3860127400246428,0.09351585639869442,3,-36.69230312040867,1,0.9586813172212959,0.11766920501195932,0.29862891870896735,0.7477376904211447,0.9264308395547841,183.78284674689584,181227,3,29,nothing else matters nothing else matters
track_0395,Song 395,Artist 39,reggae,0.4010585374718604,0.8602096416544207,1,-17.807746009050128,0,0.10725109073453476,0.4164481653837573,0.19135570764793752,0.6770409849042159,0.7879218361432407,169.92185421540376,237349,5,65,nothing else matters nothing else matters
track_0396,Song 396,Artist 39,jazz,0.9525221759576291,0.8282766654223613,9,-42.96981960248523,0,0.5774744442568734,0.5714585845091061,0.1587925873197229,0.28763777747529906,0.17448878292847259,105.5581306692689,234726,4,59,we are the champions my friends
track_0397,Song 397,Artist 39,country,0.3517380278380078,0.9494956262876296,8,-12.454549028271344,0,0.7395569516765446,0.7238277155879296,0.37885002757157815,0.018039228133842733,0.3369201852529832,137.8748234282661,249820,5,79,bohemian rhapsody is this the real life
track_0398,Song 398,Artist 39,rock,0.3663918111426083,0.34645217608228296,11,-52.06222292714578,1,0.7103453503387286,0.6087854963457672,0.3913211464811408,0.8853337652015306,0.2855851462212604,90.87045727949229,190563,5,27,hotel california welcome to the hotel california
track_0399,Song 399,Artist 39,electronic,0.8620936964812332,0.7853208644792713,6,-31.739065258863835,0,0.2862819370067381,0.9526362082285701,0.596482264499814,0.2903665024615746,0.8178478274870788,166.07033900921618,213517,5,0,bohemian rhapsody is this the real life
track_0400,Song 400,Artist 40,pop,0.3845053913847337,0.2342311434814235,0,-5.654865644403259,1,0.3132923488162779,0.6226358066770566,0.6401548249797361,0.8040694816221106,0.5465295502429172,70.58165477704841,220816,4,13,bohemian rhapsody is this the real life
track_0401,Song 401,Artist 40,rock,0.895263360149638,0.5944486465098497,10,-12.383352549059445,1,0.7815364209743161,0.01724042441441942,0.10271411365110328,0.1130202097119436,0.9743452792737862,81.64047657584851,191591,5,27,we are the champions my friends
track_0402,Song 402,Artist 40,rock,0.1336357441768733,0.05893096724411573,0,-1.6259504356794423,0,0.7290277411492144,0.055212918224966545,0.5565197551755681,0.31465769889704753,0.04276969908226724,191.9888590478582,181967,3,84,hotel california welcome to the hotel california
track_0403,Song 403,Artist 40,hip-hop,0.016476173609557443,0.5804469290127888,0,-40.10360240073888,1,0.6121872690619458,0.01578005959135087,0.8602416740619556,0.12410489860103335,0.6627086373139878,163.05584017719326,83595,4,75,bohemian rhapsody is this the real life
track_0404,Song 404,Artist 40,country,0.07698891142150854,0.5232041531028362,5,-53.66365815057844,0,0.6268461964987182,0.7062167599313517,0.06328460433790895,0.9160905957070881,0.3319734617373885,136.18705427115725,203319,5,93,hotel california welcome to the hotel california
track_0405,Song 405,Artist 40,hip-hop,0.5216603233321426,0.9511458860737955,1,-17.47073047209073,1,0.9199359950424126,0.8722016421467916,0.189737624855828,0.9376075271485604,0.32497593412096903,164.51439854357284,271126,4,37,smells like teen spirit with the lights out
track_0406,Song 406,Artist 40,hip-hop,0.8066631372567644,0.9067115280056679,6,-6.437418945728446,1,0.8120482579383732,0.3755385703655375,0.07771988833655052,0.5781634688390285,0.7526955567841188,149.15363651349855,128340,4,89,nothing else matters nothing else matters
track_0407,Song 407,Artist 40,pop,0.22320797115375113,0.50877478121633,3,-28.517023614753455,0,0.4164787964638207,0.08534059073609779,0.8371700826516405,0.20064442940504357,0.34734626016428816,143.48513448111237,249114,5,65,nothing else matters nothing else matters
track_0408,Song 408,Artist 40,hip-hop,0.8349288314814561,0.9722159973102329,5,-59.587875090578486,1,0.08803575724823576,0.8756938707029747,0.6282214617150216,0.0037307287443734127,0.2831196684809173,63.23944704958174,260562,5,72,love me tender love me true all my dreams fulfill
track_0409,Song 409,Artist 40,jazz,0.34664419638630073,0.6434861234546574,10,-18.612801610733293,0,0.11266365290485347,0.816686924528801,0.7936154735929976,0.9634332347951852,0.8173045973264876,188.5503929429253,250698,5,41,yesterday all my troubles seemed so far away
track_0410,Song 410,Artist 41,reggae,0.06170639885220952,0.7593968995986714,10,-7.3532365684500505,1,0.9961647260674228,0.5929391039330991,0.4451927916930124,0.33804473688163683,0.4726324935818472,121.2781184094965,103565,4,94,love me tender love me true all my dreams fulfill
track_0411,Song 411,Artist 41,hip-hop,0.23874848178802965,0.18476558857070158,5,-5.084190949818648,0,0.21210751118441906,0.23405165906570202,0.8757677059862972,0.8892170035604453,0.08099437558715705,134.84415334000704,151309,5,33,love me tender love me true all my dreams fulfill
track_0412,Song 412,Artist 41,reggae,0.5689704287419707,0.05725682139111621,10,-14.996598189028127,1,0.2344712222441241,0.6885442182975064,0.6626677319294126,0.6054169921886882,0.8511519455974282,100.46623256437717,88850,5,32,yesterday all my troubles seemed so far away
track_0413,Song 413,Artist 41,electronic,0.10981331529033134,0.27099473879818514,4,-50.295199816623736,0,0.923762985552375,0.3057574024987626,0.6708805476323555,0.15674347548336853,0.8934276146713099,195.21284584069397,239706,3,5,stairway to heaven and she's buying a stairway to heaven
track_0414,Song 414,Artist 41,classical,0.8884778557324661,0.4137758583220008,9,-0.00395964424475892,1,0.419905656561235,0.6674380008086582,0.2544140335062416,0.4722521597252073,0.21172615265603156,130.2067842181716,136659,5,66,yesterday all my troubles seemed so far away
track_0415,Song 415,Artist 41,hip-hop,0.4994054578573941,0.2611368644266794,6,-41.21107281159195,0,0.5937369837345252,0.9188772072954523,0.9122096790182236,0.6216992392570336,0.6290914311589549,86.26086725843726,70174,4,2,nothing else matters nothing else matters
track_0416,Song 416,Artist 41,classical,0.7668955243250701,0.16229084433532415,11,-10.375038222963056,1,0.7358459639538474,0.15821442933428553,0.3835993553088407,0.36768584127527537,0.4178933972883776,155.02062458758087,208691,5,54,smells like teen spirit with the lights out
track_0417,Song 417,Artist 41,hip-hop,0.001369644333509057,0.44631592886310456,3,-51.16341115273343,0,0.029184182537902004,0.24785061519406248,0.8083186278315854,0.9540321286491998,0.6875087366977745,118.24879038652348,104923,3,15,bohemian rhapsody is this the real life
track_0418,Song 418,Artist 41,jazz,0.731364707941978,0.3828237723167611,1,-17.062386932975613,0,0.5990423464657697,0.3471121529669582,0.0758475055859601,0.017077335781789604,0.6463307161334207,102.75187775605963,258758,3,88,sweet child of mine she's got eyes of the bluest skies
track_0419,Song 419,Artist 41,jazz,0.44862986062075316,0.9563756847829991,0,-26.045201707906955,1,0.2700953721409123,0.8409569947950033,0.1461452296321899,0.3209150862840884,0.36699815485955667,150.49674885241714,256133,4,46,love me tender love me true all my dreams fulfill
track_0420,Song 420,Artist 42,rock,0.9118890084335831,0.8525969161416512,7,-5.267152679208337,1,0.004885820331168578,0.8176871582339958,0.907097141836502,0.6908580345830633,0.11656639453299378,62.5229921294854,246509,4,35,stairway to heaven and she's buying a stairway to heaven
track_0421,Song 421,Artist 42,pop,0.23289133612413615,0.6258075219200736,9,-33.652080586668234,1,0.10160795500857356,0.5922116908627969,0.2978511017621276,0.010751306090894808,0.3818991640127093,176.75411015009803,111576,3,84,yesterday all my troubles seemed so far away
track_0422,Song 422,Artist 42,reggae,0.7510224613440938,0.5564925722716217,9,-2.51772221813809,0,0.6666915428635368,0.8375804346433264,0.029292905377663714,0.11886878364199915,0.9411357915127924,157.48012751654983,289282,4,56,sweet child of mine she's got eyes of the bluest skies
track_0423,Song 423,Artist 42,pop,0.7367127470958288,0.8117788404468286,6,-30.893337654049535,0,0.05198200432729849,0.6349936205444946,0.327919668364289,0.6979031505058862,0.7166556902573885,164.37323928553616,131468,3,85,imagine all the people living life in peace
track_0424,Song 424,Artist 42,reggae,0.9427615238103635,0.5214947096149757,8,-17.1440583473494,1,0.20840004230466158,0.7991786300505417,0.5833277695945548,0.004412238474053143,0.14014028924444943,197.47918613794735,76961,4,99,nothing else matters nothing else matters
track_0425,Song 425,Artist 42,classical,0.23342361507906084,0.4189327235559799,9,-18.61394907116614,0,0.9101418917799987,0.7891265720826476,0.8241796585298505,0.7833972048838612,0.8093008012721508,161.05809977209367,286972,5,85,sweet child of mine she's got eyes of the bluest skies
track_0426,Song 426,Artist 42,electronic,0.08769352033777178,0.9154879630584745,9,-6.133434609242656,0,0.7699003979490291,0.7936456993041299,0.48547489335949157,0.6860588088403594,0.6784239778680053,131.37905241375157,220165,5,52,yesterday all my troubles seemed so far away
track_0427,Song 427,Artist 42,hip-hop,0.06358502340989336,0.8489617599416667,0,-35.29068754203931,0,0.7075966035218342,0.7859319314784546,0.4161030431969377,0.018786049389474146,0.8880969309265649,72.95693799580822,235012,5,23,yesterday all my troubles seemed so far away
track_0428,Song 428,Artist 42,classical,0.8390992392117763,0.3906995696900938,11,-18.788894499394914,0,0.0006414517950908971,0.9832768934198964,0.16450918785962343,0.10365543365746521,0.6022060048237832,59.94862178741258,107614,5,10,love me tender love me true all my dreams fulfill
track_0429,Song 429,Artist 42,country,0.7495059913798084,0.4596732659096251,4,-17.081192809064866,1,0.7416859666872349,0.29371620723404235,0.7027095220281122,0.30713543652739006,0.3581195453757424,86.26146249078153,238320,4,0,stairway to heaven and she's buying a stairway to heaven
track_0430,Song 430,Artist 43,rock,0.8791447439783833,0.7365233638867056,7,-15.268122898284979,0,0.35804624311621314,0.7462414118080798,0.7881921485508714,0.6288558940491673,0.9860664827602876,195.7252478208773,290365,3,82,imagine all the people living life in peace
track_0431,Song 431,Artist 43,hip-hop,0.4814451918223607,0.8706196753227406,6,-56.03097950625863,1,0.030927155218850033,0.7996752450076126,0.7533727535219018,0.259417936744078,0.30939680501661404,140.22904414015403,238503,3,54,stairway to heaven and she's buying a stairway to heaven
track_0432,Song 432,Artist 43,reggae,0.25002949787579487,0.6133293159551746,4,-46.817327072837806,0,0.3011235135247915,0.5219828444304754,0.08667351710262072,0.3529745612537484,0.9923513902523375,100.30225854718029,261999,4,98,love me tender love me true all my dreams fulfill
track_0433,Song 433,Artist 43,jazz,0.8636493210369478,0.46942000360356706,2,-26.57242379433675,0,0.16853403550351842,0.5580556129472602,0.08624826547399045,0.3078697200159797,0.8098659579854244,89.08960042216955,86929,4,37,hotel california welcome to the hotel california
track_0434,Song 434,Artist 43,rock,0.282055272784728,0.17757477515369013,5,-43.205612455387154,1,0.878900338463982,0.35599822821058913,0.07244072288626124,0.7030131165499597,0.9263197186150678,117.54454579355925,258811,5,21,imagine all the people living life in peace
track_0435,Song 435,Artist 43,country,0.20236950289360978,0.08695710275799873,10,-11.029336208907672,1,0.8969380219775649,0.7254407563627757,0.009345313795362076,0.41080699353046013,0.20163907943229875,186.12214431676247,69430,3,44,hotel california welcome to the hotel california
track_0436,Song 436,Artist 43,rock,0.7821022270130226,0.6125900399920773,2,-25.42442166495782,1,0.7369737229685347,0.5697588153396689,0.7771288775427754,0.6434080366638844,0.3577709186725405,95.68034763924834,233854,4,69,bohemian rhapsody is this the real life
track_0437,Song 437,Artist 43,reggae,0.9244740779916425,0.2960938825995084,4,-28.36340650499346,0,0.47573836583360996,0.349933783647867,0.5615666042803371,0.795760217054018,0.556971451216082,162.82923677792,91556,5,13,love me tender love me true all my dreams fulfill
track_0438,Song 438,Artist 43,reggae,0.6131683853777452,0.13049767199853768,11,-30.100588390502423,0,0.08094181728257654,0.2771398317611877,0.7780278917430224,0.1952886155840563,0.48443578411931676,184.14640462282108,271081,4,18,love me tender love me true all my dreams fulfill
track_0439,Song 439,Artist 43,jazz,0.40160828755623823,0.8927542401310696,5,-6.488706796927474,0,0.7780698202396,0.7366605930704088,0.5306840443808912,0.24117033807634236,0.046175990618749774,122.1957865427952,173739,3,67,nothing else matters nothing else matters
track_0440,Song 440,Artist 44,rock,0.186187396154752,0.23650752025479493,5,-13.668840767566962,0,0.9738242517486904,0.7887842012605429,0.7523947064102424,0.5085378488260737,0.884990170721338,194.94693327665533,140193,4,17,hotel california welcome to the hotel california
track_0441,Song 441,Artist 44,pop,0.49721129874055037,0.8068344277729895,3,-22.027416390385817,1,0.7585038936390563,0.46417926403384413,0.10949456947625191,0.04707488725494169,0.39033388660249924,199.34387786307508,96045,3,64,stairway to heaven and she's buying a stairway to heaven
track_0442,Song 442,Artist 44,jazz,0.7635713471836342,0.754627567293379,3,-46.085108139434276,0,0.9547856573846875,0.9446233817632832,0.7080083291341389,0.9193670236756202,0.42244365793198235,73.52143538313628,79778,5,93,yesterday all my troubles seemed so far away
track_0443,Song 443,Artist 44,electronic,0.7977276053516644,0.7278157259486776,2,-13.46114080669723,0,0.4475184367175328,0.14478873199631836,0.43143927985815866,0.9387105593780358,0.976795826474358,116.09377174808246,103792,3,82,sweet child of mine she's got eyes of the bluest skies
track_0444,Song 444,Artist 44,country,0.011727801960197404,0.9805798002048473,5,-57.157534560048525,0,0.13835803404274416,0.9954592794290292,0.8029988801870065,0.7797331880655773,0.6078786423957188,164.09506565686877,180560,3,25,imagine all the people living life in peace
track_0445,Song 445,Artist 44,classical,0.3684351574712237,0.5821521887302471,4,-47.253631717539164,0,0.2571874717612127,0.5904476840037899,0.42682683635497054,0.18247731854725135,0.09635905195034855,173.75086598096485,159938,4,59,nothing else matters nothing else matters
track_0446,Song 446,Artist 44,country,0.4501695083044702,0.5858499886406926,8,-57.40446305891685,0,0.5573518169718521,0.02806687024829857,0.5933020134593439,0.8436841773528906,0.4041206673111123,182.29373036603062,197663,3,17,imagine all the people living life in peace
track_0447,Song 447,Artist 44,pop,0.8628487963057102,0.7376687843734209,10,-56.59424511704304,1,0.2029216049305882,0.24934315698807408,0.13193443268284366,0.39040452717328356,0.25181891474812335,94.63714875460005,288338,4,48,hotel california welcome to the hotel california
track_0448,Song 448,Artist 44,country,0.26891875714726654,0.8661271668073245,1,-51.093938672086686,0,0.1347247670320476,0.231935379360373,0.41948636087862934,0.638556806467109,0.8401470458515228,184.25123809881245,263054,3,94,smells like teen spirit with the lights out
track_0449,Song 449,Artist 44,jazz,0.623738142356015,0.06941571685436831,5,-2.537735242472152,0,0.7415227322694946,0.6072246222587139,0.3222476063437354,0.39643269766671396,0.9853165775770822,55.43414502781827,106458,3,29,stairway to heaven and she's buying a stairway to heaven
track_0450,Song 450,Artist 45,reggae,0.09399299435975661,0.1268404062162085,9,-29.998134821792217,0,0.5166588516436024,0.6594917439915814,0.8763081343696032,0.0710916587380156,0.4328991002486441,80.96146057685046,296402,4,76,love me tender love me true all my dreams fulfill
track_0451,Song 451,Artist 45,classical,0.014509130554705596,0.6421216623479203,7,-19.644098779424716,0,0.7303197028716978,0.9922119469695828,0.9710057229410373,0.2646691178430596,0.5678969225220353,148.13618258568368,285009,5,12,nothing else matters nothing else matters
track_0452,Song 452,Artist 45,jazz,9.959651426361127e-05,0.39462047238456255,6,-28.566446545470427,0,0.9295897875614366,0.8521258265389611,0.13274412677735337,0.9418022374731871,0.2626986060131704,194.70478580894445,121330,3,55,hotel california welcome to the hotel california
track_0453,Song 453,Artist 45,electronic,0.013367951789488686,0.05266366406100098,8,-28.93650787683476,1,0.23566470322846822,0.7594716884706546,0.6131449952176911,0.37800605937328147,0.40509589635375975,71.81321632234304,249049,3,8,bohemian rhapsody is this the real life
track_0454,Song 454,Artist 45,electronic,0.42632439225770447,0.6692270799092422,1,-59.93180435822336,0,0.9211884020620685,0.06949166838283571,0.40276178778045346,0.7220526921358337,0.6658843931712292,195.4116784210714,72170,4,90,sweet child of mine she's got eyes of the bluest skies
track_0455,Song 455,Artist 45,country,0.8967664424122531,0.33324629311490517,8,-30.86760343066072,0,0.21437549705701453,0.6713217208343346,0.3331936193336157,0.24438915335926137,0.7462052820768512,62.40603477288191,77386,4,29,stairway to heaven and she's buying a stairway to heaven
track_0456,Song 456,Artist 45,electronic,0.5768910214015637,0.2327340746079387,8,-14.31645472815557,1,0.1684211853295653,0.317444960408404,0.6531864363410793,0.4064880932166711,0.5031433146917527,171.83413633159313,213592,3,70,bohemian rhapsody is this the real life
track_0457,Song 457,Artist 45,reggae,0.5246980941214919,0.8031899909882355,2,-21.487435176537453,0,0.6044644645394086,0.6781907680306262,0.6676622105476412,0.7596558587324298,0.5341805697600569,76.90604319936239,287185,5,96,stairway to heaven and she's buying a stairway to heaven
track_0458,Song 458,Artist 45,jazz,0.9516951851788313,0.32739358930817386,0,-36.21647070810819,1,0.5574089075792324,0.03841808365006505,0.9699137938238895,0.31855262498648207,0.1669332351166274,70.77173851854863,148291,4,66,we are the champions my friends
track_0459,Song 459,Artist 45,country,0.6407150349501322,0.32024217753974193,4,-40.389831918432556,1,0.5617792390711743,0.6469652526868173,0.17781064616554987,0.7734379547254253,0.3729779294358444,102.32452886258102,166441,4,70,smells like teen spirit with the lights out
track_0460,Song 460,Artist 46,pop,0.8515960087113447,0.5430413713278077,1,-47.72556840898784,1,0.4743731589089978,0.9297949865026374,0.8752314196535205,0.75039944798512,0.038183154933404184,149.85199232583182,86766,4,83,nothing else matters nothing else matters
track_0461,Song 461,Artist 46,reggae,0.10850736792101134,0.7571601167215116,6,-3.9876636476213676,0,0.014834039163861945,0.960321893464395,0.48769085739815365,0.32471459459846985,0.5840141326477228,82.75819086890266,136501,5,59,bohemian rhapsody is this the real life
track_0462,Song 462,Artist 46,reggae,0.2716327489101735,0.11921686765099293,11,-23.487124883921844,1,0.9606432827522039,0.3449953233819767,0.6267535715230225,0.7277579785994938,0.7593601631186806,105.98524444552669,254984,4,30,stairway to heaven and she's buying a stairway to heaven
track_0463,Song 463,Artist 46,hip-hop,0.23343328374987837,0.7801940649781525,6,-22.974412653094276,0,0.4491805154429671,0.46991449987983736,0.1742824516912035,0.8895134293628464,0.029809566768403628,189.4642173978364,275275,5,24,imagine all the people living life in peace
track_0464,Song 464,Artist 46,rock,0.08350086418260139,0.025699897209197742,0,-10.735241336457939,0,0.9208968549228677,0.9203841435761654,0.7800265696789741,0.5331135515299993,0.6679672432955459,115.34782312526275,179206,5,89,nothing else matters nothing else matters
track_0465,Song 465,Artist 46,electronic,0.5921077904934142,0.6874948215235007,1,-26.484122336551373,0,0.8325235763535316,0.3642294309692209,0.7101815721893239,0.21222517440295152,0.8597464183995815,190.0733988294904,284976,3,23,bohemian rhapsody is this the real life
track_0466,Song 466,Artist 46,electronic,0.18479382120588117,0.7553984802221527,6,-1.0905790305510337,0,0.35517657324843077,0.7100626677870114,0.648579362984107,0.35240822011896933,0.5086816525514545,137.2325811840616,130137,4,77,nothing else matters nothing else matters
track_0467,Song 467,Artist 46,pop,0.3496438061556044,0.3634484319737783,3,-6.230312740719427,0,0.4670649240970802,0.22131468480091876,0.7178404886126682,0.2259091606485265,0.3822745790291019,95.69324247179206,171364,3,85,hotel california welcome to the hotel california
track_0468,Song 468,Artist 46,jazz,0.31107996002107074,0.6586349045394566,1,-47.1757600546527,0,0.8408205604789356,0.6575632919262805,0.8927055300006858,0.9235256426857248,0.11708067365458508,63.55090145372458,100894,5,89,love me tender love me true all my dreams fulfill
track_0469,Song 469,Artist 46,rock,0.360133201669134,0.3427776361856284,1,-7.897203894244377,1,0.9742728878394215,0.6906975941294575,0.44336236659508155,0.4343941630435286,0.26154383305013085,85.92117447590621,148613,4,71,stairway to heaven and she's buying a stairway to heaven
track_0470,Song 470,Artist 47,classical,0.7600004301387536,0.47385295815127804,6,-59.99076875925382,0,0.6876731919682052,0.6602340642313475,0.6583900155553827,0.9331770840458303,0.542042320785069,142.1548674670459,166786,3,64,imagine all the people living life in peace
track_0471,Song 471,Artist 47,electronic,0.08295537510522377,0.1922154287113912,4,-41.5789841220882,1,0.4752954085363963,0.13202468235052645,0.8305582312724678,0.17784301995990703,0.3508007349691533,99.92218302716437,298991,3,29,imagine all the people living life in peace
track_0472,Song 472,Artist 47,electronic,0.867722468196316,0.7697225921662573,7,-45.27602849431527,1,0.6320564554166989,0.30231658394450955,0.240485867307749,0.1585408162950257,0.5527674559268957,142.63769167671876,107467,3,21,smells like teen spirit with the lights out
track_0473,Song 473,Artist 47,electronic,0.9785648779399296,0.7660221340924496,3,-5.083262676450886,0,0.4480091675010728,0.004116860107113429,0.07241656406646269,0.8465312099356642,0.4304471456628518,86.51759075016676,281109,5,86,imagine all the people living life in peace
track_0474,Song 474,Artist 47,pop,0.8208340228427681,0.5612435838534349,9,-54.929764627664326,1,0.9173073812877712,0.6597890842541427,0.7335543760474357,0.9857384942646682,0.6202991504999129,173.1023604494652,110123,3,25,nothing else matters nothing else matters
track_0475,Song 475,Artist 47,country,0.16974242461455413,0.7330401738792465,5,-3.6419262999375874,1,0.033009931902175826,0.7116703951565216,0.9044716876624013,0.9222689565080407,0.9932757249003095,90.24027492647467,123479,3,67,nothing else matters nothing else matters
track_0476,Song 476,Artist 47,pop,0.03688317554627041,0.3519066479226426,11,-53.179730142138766,0,0.15508965998683955,0.5875219430754071,0.052602856070158466,0.8272790357921275,0.9734958443530761,109.08495130996991,119542,4,21,sweet child of mine she's got eyes of the bluest skies
track_0477,Song 477,Artist 47,rock,0.584799791951721,0.2611712185793008,1,-14.528622143259213,0,0.049205601225131845,0.5483905453872372,0.2720163816797819,0.4730750784066796,0.46762301596149436,84.54157207290433,246000,3,26,hotel california welcome to the hotel california
track_0478,Song 478,Artist 47,classical,0.043590111096768025,0.18223470330146652,4,-5.701921422342643,1,0.9882660851010714,0.09290472961245166,0.9540495631516487,0.0656580686094449,0.26255942070525706,71.89897502233791,183158,5,76,hotel california welcome to the hotel california
track_0479,Song 479,Artist 47,classical,0.56166684808205,0.4262035819216944,0,-21.376998760296047,1,0.7827361320375603,0.7905279124626604,0.304192388132823,0.5275829940442711,0.5035727738640483,165.42738070628042,146480,5,84,stairway to heaven and she's buying a stairway to heaven
track_0480,Song 480,Artist 48,hip-hop,0.2909921303957912,0.42848634630785676,8,-36.233968309518815,1,0.38621349084989565,0.5400563294488138,0.2684683820279187,0.9403170152060786,0.6933350761832786,70.90778312225001,142224,5,76,nothing else matters nothing else matters
track_0481,Song 481,Artist 48,reggae,0.9306540631359833,0.4766699669861204,9,-57.61493858108807,0,0.545185020911551,0.45327664349889063,0.18162837140091537,0.11937388258460735,0.9575094822787931,199.27489168159366,220307,5,42,yesterday all my troubles seemed so far away
track_0482,Song 482,Artist 48,pop,0.07408745784996695,0.3519557830807959,7,-3.411244054669112,0,0.5987541075151858,0.9763932423898837,0.3570001461236517,0.7423288516291768,0.04411970910774099,189.54835876233815,202941,5,62,imagine all the people living life in peace
track_0483,Song 483,Artist 48,classical,0.6147344944230674,0.1185151878482229,11,-13.791212393845626,1,0.8851284433215563,0.16781386371141283,0.38752820116219977,0.6122409958893054,0.40486900126411374,185.46923641330682,143941,4,52,we are the champions my friends
track_0484,Song 484,Artist 48,jazz,0.6533242062799532,0.008538917047638206,11,-58.636880192146315,0,0.478962357137362,0.04702697622495189,0.3692779118159839,0.86803485853936,0.9237000898587064,109.53154657325592,242116,4,13,sweet child of mine she's got eyes of the bluest skies
track_0485,Song 485,Artist 48,electronic,0.5821042001268509,0.6972783273309887,9,-12.694022007527714,1,0.018358765917590336,0.7509227267630809,0.9759220991986121,0.35193148467276714,0.2729816824081238,86.5500667370346,164295,3,65,yesterday all my troubles seemed so far away
track_0486,Song 486,Artist 48,jazz,0.8965810824838142,0.07706307153537661,11,-33.018141949732616,1,0.5832929254176655,0.14993824843365589,0.4442317882389639,0.44943152882231674,0.5013816244665203,149.4228732484147,226791,5,2,sweet child of mine she's got eyes of the bluest skies
track_0487,Song 487,Artist 48,country,0.024229724488152082,0.6925539302507018,1,-27.197654271959074,1,0.026686434750416987,0.5038631113406515,0.2656301140558609,0.6073922560470563,0.5572988405976796,92.19668237767297,74131,4,17,hotel california welcome to the hotel california
track_0488,Song 488,Artist 48,electronic,0.8921500759435115,0.23252910346300437,8,-26.257413148424632,0,0.5153497901473691,0.24097710678440099,0.26765371563672136,0.42448771307661237,0.5513017661615979,141.91835998108382,67464,3,51,smells like teen spirit with the lights out
track_0489,Song 489,Artist 48,jazz,0.6953903786469567,0.4000809225051215,5,-18.816045518088885,0,0.6421415234413218,0.18389576700054022,0.9202685544095344,0.1457922538262345,0.23480364265466735,162.8786237417857,169641,4,51,sweet child of mine she's got eyes of the bluest skies
track_0490,Song 490,Artist 49,rock,0.8096427702839101,0.03800499885332209,4,-59.143742874484545,0,0.4176897721749928,0.7751300410959628,0.02232038530429259,0.14042438987955286,0.7360497558727729,90.01981938631997,222077,5,87,hotel california welcome to the hotel california
track_0491,Song 491,Artist 49,reggae,0.10952516004631796,0.7226526062224101,3,-56.24618479034572,1,0.6927650321358013,0.731505756140052,0.662835640988116,0.9137819650116874,0.6079855217358895,123.3000214466288,208563,4,97,nothing else matters nothing else matters
track_0492,Song 492,Artist 49,country,0.8307423042308161,0.10188130277878193,2,-25.148676692462324,1,0.2736692713093697,0.19386450492127605,0.20569039789770516,0.8205867811938738,0.14746735277770984,73.4429235141898,61644,3,23,imagine all the people living life in peace
track_0493,Song 493,Artist 49,reggae,0.35683274076112226,0.7645179039497737,4,-0.7052537848584421,1,0.44578556061002683,0.322710911316594,0.13762026711386133,0.15437842705411287,0.4654323511516112,158.2878668505315,231858,5,89,hotel california welcome to the hotel california
track_0494,Song 494,Artist 49,electronic,0.7274700303800345,0.7490717924228453,10,-54.22011230034469,1,0.2422598066427618,0.09800808560400509,0.7302945168635547,0.09883783180461447,0.7061624259511036,147.0327673227715,76288,3,98,smells like teen spirit with the lights out
track_0495,Song 495,Artist 49,rock,0.6396527763130883,0.39583408420208555,3,-15.86140134938347,1,0.7236955537038148,0.8966616404694283,0.9687401429148926,0.029614879486736356,0.8331007600816193,96.95743582135677,92133,5,16,love me tender love me true all my dreams fulfill
track_0496,Song 496,Artist 49,classical,0.2786914371235192,0.5673159633398318,10,-29.89493393609725,0,0.6409281350639662,0.76762601627966,0.10831259785515612,0.21447064519774928,0.08329681359048435,130.85779245006114,230663,5,50,love me tender love me true all my dreams fulfill
track_0497,Song 497,Artist 49,reggae,0.7295614258441286,0.7498468574305709,11,-5.926176372339363,0,0.25391401856799245,0.1619161142284541,0.7922906469696598,0.599087522024393,0.38815205992495416,178.05045364186657,218797,4,45,we are the champions my friends
track_0498,Song 498,Artist 49,hip-hop,0.9576789750299612,0.45106262167301914,4,-15.099053679362356,0,0.5718600162053019,0.00606548733015122,0.5426293771369852,0.9866329790002852,0.2609655969359975,102.20308753047476,132572,4,15,sweet child of mine she's got eyes of the bluest skies
track_0499,Song 499,Artist 49,electronic,0.1673075774375522,0.3001951444001596,8,-56.75890728957859,1,0.5196652650304987,0.9427816281388759,0.5200986844804308,0.054832685949679605,0.0688567996453493,70.90061373388744,263960,4,94,imagine all the people living life in peace
track_0500,Song 500,Artist 50,jazz,0.7909704493154933,0.918408601559815,10,-31.36423380933203,1,0.6427870461071162,0.4557133431775867,0.07273381973723392,0.8522834869506648,0.31542368269233423,151.786662937666,290127,3,37,love me tender love me true all my dreams fulfill
track_0501,Song 501,Artist 50,pop,0.06914456170520256,0.6366312463049872,4,-23.806513358723898,0,0.008866245604529421,0.9536644753424324,0.9410128308858124,0.3248758890804677,0.8777860875959212,169.70972288300158,176204,3,85,nothing else matters nothing else matters
track_0502,Song 502,Artist 50,hip-hop,0.023668609355809167,0.39576912381554885,8,-3.363414524263831,0,0.8066887912669825,0.6193485174269844,0.016929113006724283,0.7365983648150342,0.4464334081614122,166.86257143199578,83406,3,5,hotel california welcome to the hotel california
track_0503,Song 503,Artist 50,country,0.6325587854665389,0.5533590896494276,6,-54.30194457189483,1,0.6388808283902366,0.030038790428902673,0.08552087835643885,0.02463572336923714,0.4942268069269815,78.14429534889894,121360,5,48,bohemian rhapsody is this the real life
track_0504,Song 504,Artist 50,rock,0.12459133507511533,0.6380264864682831,9,-7.934661445725574,1,0.31152710776573056,0.49161178122893023,0.26288409869343,0.9090472134032895,0.016931862214272564,125.16558482107561,227984,3,85,stairway to heaven and she's buying a stairway to heaven
track_0505,Song 505,Artist 50,hip-hop,0.3941969812314813,0.38937113716290617,11,-44.05757909804214,1,0.13637267722446844,0.9493076512032316,0.17181229985536106,0.29352826155913414,0.9955116794477527,101.18587369194589,279375,4,65,stairway to heaven and she's buying a stairway to heaven
track_0506,Song 506,Artist 50,pop,0.8660614819877693,0.49996662994896934,0,-17.862764997148183,1,0.9252939328047461,0.9349688547170285,0.9690521678322673,0.10892708451981603,0.6832224743187446,68.99795808567458,163930,4,42,imagine all the people living life in peace
track_0507,Song 507,Artist 50,classical,0.35834051330853545,0.399933330485052,2,-49.01007487723592,0,0.44523730028392583,0.3243212800332239,0.09256297226915133,0.08981714686551134,0.9117884096481034,160.87809127140483,183164,4,63,nothing else matters nothing else matters
track_0508,Song 508,Artist 50,country,0.6321726761325526,0.893870053115963,8,-52.61703589262898,0,0.10626356245377022,0.7666299021801106,0.7379266583284974,0.043683091947269825,0.9480356198812853,104.58609995924505,130275,4,34,sweet child of mine she's got eyes of the bluest skies
track_0509,Song 509,Artist 50,rock,0.39356230131693903,0.20041395828250086,4,-56.591919146827685,1,0.08007461688153317,0.3455124189013137,0.8969405852917741,0.7039796757327358,0.4260481400919619,58.338387564732024,238947,3,28,we are the champions my friends
track_0510,Song 510,Artist 51,country,0.7184002125690817,0.6587032435843142,0,-2.2596194028651553,0,0.9971427364304607,0.43688153665573703,0.4991038427612129,0.04461645724818075,0.4086719458427175,170.33523865512933,81547,5,92,bohemian rhapsody is this the real life
track_0511,Song 511,Artist 51,pop,0.9519570517014718,0.28639611493430284,7,-4.51464451011978,1,0.7151417024221026,0.3691226976400436,0.10859027413191491,0.4946307461787386,0.006961980056898409,184.09927996948326,115352,5,32,nothing else matters nothing else matters
track_0512,Song 512,Artist 51,classical,0.26077855840120345,0.24684057140446436,2,-14.18699640633212,1,0.8761185182819706,0.8317032939199661,0.0019104589316149,0.9792987635362748,0.5451616704935676,78.92434306890857,260591,3,14,smells like teen spirit with the lights out
track_0513,Song 513,Artist 51,pop,0.9235261351699424,0.5219955756859422,8,-15.672783656980158,0,0.28021354284328326,0.43098387670505234,0.29914797623024114,0.589648047240377,0.7635044113551119,123.16291091564185,232627,3,10,bohemian rhapsody is this the real life
track_0514,Song 514,Artist 51,classical,0.6361886797973004,0.04760593340557506,5,-13.985732010615223,1,0.2540732173711472,0.281596641795689,0.3134553656913328,0.5029303679612988,0.06289000942130918,68.17349043968836,241261,3,16,we are the champions my friends
track_0515,Song 515,Artist 51,reggae,0.11703210511382445,0.14973419627236795,0,-8.057941361110991,0,0.3375225068539074,0.1813388345436583,0.28259299853398057,0.6680298942096298,0.30647505390313345,188.83657138433293,124876,5,8,love me tender love me true all my dreams fulfill
track_0516,Song 516,Artist 51,country,0.3918409141832453,0.5189947580047352,11,-34.292474464880016,1,0.21467603403882674,0.29803051272422176,0.9276061271958536,0.7114104648424969,0.5106865115996746,82.66000921586392,109849,3,46,imagine all the people living life in peace
track_0517,Song 517,Artist 51,classical,0.6963727173044414,0.7407037479779892,7,-8.238132083815664,1,0.5877482274559416,0.5346139165857515,0.5587451343718869,0.42761721205707204,0.7929678035197577,81.09779954275857,195239,4,61,smells like teen spirit with the lights out
track_0518,Song 518,Artist 51,rock,0.4238635855969791,0.004426230530149455,11,-0.9202290540392397,1,0.1570549828905966,0.7832407543015971,0.8628047102324301,0.3766414337077246,0.38506037267080706,68.9521652413589,190120,5,34,smells like teen spirit with the lights out
track_0519,Song 519,Artist 51,classical,0.07629073797970376,0.2637952980938144,7,-16.419412816843213,0,0.968433863206315,0.5077162807564477,0.44330439283159173,0.18425085393631757,0.00980691378784615,53.036701209814304,124903,3,54,stairway to heaven and she's buying a stairway to heaven
track_0520,Song 520,Artist 52,reggae,0.2078113667873005,0.7389122188627955,3,-23.890650764011603,1,0.17503595733480137,0.38121174471065444,0.6499939888318123,0.13581325729740445,0.3358615290556852,116.8917297506076,97508,3,69,imagine all the people living life in peace
track_0521,Song 521,Artist 52,reggae,0.8484286271993671,0.4606243330540084,9,-23.101756859810322,1,0.00986449384679644,0.2350527766543168,0.821768508390254,0.5434908307414952,0.3110102183975527,121.46684130619957,112911,5,92,nothing else matters nothing else matters
track_0522,Song 522,Artist 52,country,9.316748860654922e-05,0.44737380068184174,11,-50.36429493720172,0,0.7269176859922831,0.2860728708473532,0.9371618895792801,0.7127016553803859,0.5137615886141458,74.5321885309448,275392,4,5,smells like teen spirit with the lights out
track_0523,Song 523,Artist 52,reggae,0.6646773284993801,0.7897129118818014,2,-19.063178106502257,1,0.285470890431502,0.22735153180387913,0.42394042157219325,0.3768059922163616,0.9386340840263059,94.17713777940486,214058,5,36,hotel california welcome to the hotel california
track_0524,Song 524,Artist 52,rock,0.9044599801869015,0.22622908545390175,0,-56.40439230645448,1,0.2448577187348483,0.6194689577897222,0.9481718220614824,0.49444207651130934,0.9455822291769445,142.8691954290619,63960,3,15,bohemian rhapsody is this the real life
track_0525,Song 525,Artist 52,hip-hop,0.3007290442865097,0.3546879499962058,3,-7.616542256798304,0,0.5478141894120115,0.9859033449893747,0.15868839733322382,0.20769827178227085,0.6274675197919024,186.2588200158306,268043,3,48,bohemian rhapsody is this the real life
track_0526,Song 526,Artist 52,rock,0.3924403233333008,0.5436921998210628,11,-29.61547797167447,0,0.005059835384463529,0.3656746584172168,0.6666432583666427,0.014315389533652745,0.11366263948560607,100.07950004394408,227987,4,48,imagine all the people living life in peace
track_0527,Song 527,Artist 52,jazz,0.2358695164870791,0.8433074386578719,3,-23.945645749274412,1,0.24558508893223174,0.09570998482989668,0.9268317485362746,0.9172909862470853,0.9934436807634132,137.50158917588755,226206,5,50,stairway to heaven and she's buying a stairway to heaven
track_0528,Song 528,Artist 52,pop,0.730025087102132,0.50414032273126,11,-10.144088042460048,0,0.6630587192474053,0.5004440341056566,0.0030742464331289243,0.3842160758533171,0.12536537733637587,54.356542809024404,63613,3,17,love me tender love me true all my dreams fulfill
track_0529,Song 529,Artist 52,reggae,0.27849199975807215,0.8195397670560829,9,-32.79727763738099,1,0.2909861615918805,0.13381336698171864,0.7273566085123823,0.514663251217141,0.6455411691787518,67.79329871687987,199930,5,9,love me tender love me true all my dreams fulfill
track_0530,Song 530,Artist 53,rock,0.6348921844132368,0.3575963487186077,5,-29.359316981694562,0,0.2876953726084742,0.25282072462830174,0.3159379247795131,0.32823290175448916,0.36997888658113065,84.7713122700119,253393,3,79,hotel california welcome to the hotel california
track_0531,Song 531,Artist 53,jazz,0.2864306037615316,0.28355318723307765,10,-25.842903363867592,1,0.08004386056320123,0.7536718148585626,0.3392317936426362,0.5938705543117986,0.19845155421558025,95.71353103973725,250248,4,99,hotel california welcome to the hotel california
track_0532,Song 532,Artist 53,pop,0.7192749223558761,0.6274381613285575,3,-23.722437568143405,0,0.36688136492345036,0.0747425064721925,0.9385164306294408,0.034503408799051005,0.9075395303823766,97.23285760020299,241586,4,94,smells like teen spirit with the lights out
track_0533,Song 533,Artist 53,hip-hop,0.5664399816854127,0.8566006323856197,6,-53.01869510357754,1,0.8081709658555414,0.43649730360558125,0.9690731993161582,0.5987332046998706,0.24580302211217187,68.73603473254889,93228,5,10,yesterday all my troubles seemed so far away
track_0534,Song 534,Artist 53,reggae,0.24144389415094702,0.6729630261525609,3,-59.30704168167326,0,0.18836418156569235,0.7635753056152351,0.5566307598171022,0.4172501352865664,0.7364780599256054,198.29918868570851,193522,3,70,yesterday all my troubles seemed so far away
track_0535,Song 535,Artist 53,electronic,0.5784459699385006,0.48730500568440316,9,-24.37194491739988,0,0.634386742433913,0.6837317505984655,0.8858633570681246,0.056620620245319664,0.48062869693162125,59.944743182344126,154369,5,99,nothing else matters nothing else matters
track_0536,Song 536,Artist 53,hip-hop,0.40001530871823454,0.16809538171505012,9,-11.39405878040371,0,0.22630583437522422,0.05091191354481395,0.3409531599098774,0.110409915838936,0.783549387701187,77.56512995424421,156038,4,41,imagine all the people living life in peace
track_0537,Song 537,Artist 53,rock,0.9948370044192106,0.44019362695821873,7,-12.676772569949208,0,0.88793675631406,0.21661260663473525,0.7299021722651589,0.3447240836088754,0.6513854553401205,170.785521537504,224088,3,92,smells like teen spirit with the lights out
track_0538,Song 538,Artist 53,jazz,0.08017828850003428,0.47472770159752,6,-27.001517997359933,0,0.7602393455529667,0.818910930305121,0.9382215752211489,0.3422984380100713,0.39597107575292967,134.87738044267826,236421,5,83,bohemian rhapsody is this the real life
track_0539,Song 539,Artist 53,reggae,0.9546453478749412,0.5834585522217871,11,-26.995613224456065,0,0.5145913792354949,0.7038532576333975,0.39842175099581423,0.6631967759363352,0.7438789448696166,132.57205352008907,222802,4,39,nothing else matters nothing else matters
track_0540,Song 540,Artist 54,reggae,0.06644677490597728,0.0704062394630458,1,-13.837499688621456,0,0.8041647059430179,0.8105136657998954,0.11221761544889386,0.8934579519233022,0.3027211716780851,193.49348564320928,245099,4,34,love me tender love me true all my dreams fulfill
track_0541,Song 541,Artist 54,hip-hop,0.25919186762917545,0.5934497093533259,3,-35.207073167629844,1,0.18943874340487832,0.31699526575904335,0.8148201915333088,0.7042142951042524,0.8535500857583114,76.34214145753668,258203,4,62,stairway to heaven and she's buying a stairway to heaven
track_0542,Song 542,Artist 54,country,0.702217104245612,0.32617363642169217,9,-20.942161154633673,1,0.11380472981113954,0.24513706321665873,0.28554659379272695,0.5958054356274998,0.7729458233009885,180.28671379620013,283545,5,3,yesterday all my troubles seemed so far away
track_0543,Song 543,Artist 54,jazz,0.8040240752455892,0.015586816368437395,10,-7.769953949815019,0,0.052597456175920376,0.07810739610674378,0.8153110782050409,0.12131818997310906,0.4567202220236818,51.740027571298036,261743,4,32,hotel california welcome to the hotel california
track_0544,Song 544,Artist 54,country,0.452247566616227,0.05483935458106581,0,-22.671783553339928,0,0.6948841350799086,0.8181294888805204,0.7284868848810905,0.9176963727152122,0.7615755395717893,179.27704045410212,219904,4,12,nothing else matters nothing else matters
track_0545,Song 545,Artist 54,classical,0.34666659312577597,0.08662299943311758,8,-13.776672431924688,0,0.6819767124388297,0.6927190155687738,0.21750003534107565,0.26602519231262234,0.26806671492208867,160.4187507229734,85235,4,60,smells like teen spirit with the lights out
track_0546,Song 546,Artist 54,reggae,0.7678673894014036,0.3078193498119357,3,-3.361889861782714,1,0.5864530155214431,0.13642707675143595,0.4742023676216861,0.44971120912970597,0.5129043712900796,66.06167441994404,204671,5,42,love me tender love me true all my dreams fulfill
track_0547,Song 547,Artist 54,reggae,0.5223534842081803,0.9178395110584485,3,-32.8431121947318,1,0.8951296810291391,0.9220456750443344,0.4366652354819588,0.8111795427774553,0.0905274698203713,70.92270045710877,198081,3,46,love me tender love me true all my dreams fulfill
track_0548,Song 548,Artist 54,reggae,0.5834731284452784,0.17747406737392324,9,-26.49152349431362,1,0.1857093711430282,0.8285391882606189,0.7306191156771115,0.36370099910826836,0.9506048427845015,99.28436256447176,128535,3,92,smells like teen spirit with the lights out
track_0549,Song 549,Artist 54,country,0.25658091911182435,0.8774519416899853,11,-59.66300961924686,1,0.3044147012667934,0.8061825306724492,0.9608353571211738,0.7225730086623373,0.5626834184423525,107.44230269993132,231428,3,57,smells like teen spirit with the lights out
track_0550,Song 550,Artist 55,classical,0.9481641669843752,0.21328085077375136,10,-42.345063964213296,0,0.012479567119771495,0.4539270570496561,0.370771978533875,0.6446322605462772,0.5097074169829449,80.05250898249446,227555,5,42,yesterday all my troubles seemed so far away
track_0551,Song 551,Artist 55,classical,0.08144534210048793,0.5979570806034751,1,-50.116118693125856,1,0.3764975174321633,0.18080594337308187,0.16451127893651918,0.37379124583281964,0.54360297398159,138.10939893716431,288618,3,41,imagine all the people living life in peace
track_0552,Song 552,Artist 55,pop,0.8525560874798199,0.4573139254852947,11,-58.735430373824464,0,0.328466830916491,0.09070069340313502,0.35906138201678073,0.0820690476299929,0.5723643074694658,69.5417535669034,234683,4,4,nothing else matters nothing else matters
track_0553,Song 553,Artist 55,jazz,0.41024736030549747,0.8213141814603182,9,-7.1322443487961635,1,0.599431485762043,0.3248110983239225,0.5786671701109736,0.42872244335897425,0.14317923893020135,86.3797554129946,87894,5,79,hotel california welcome to the hotel california
track_0554,Song 554,Artist 55,country,0.023459205645920522,0.9009698434963932,1,-45.0897597351925,0,0.8165931763928642,0.7478277938881583,0.4661002662777465,0.34196349133513193,0.13090198091435545,64.59454739522225,257334,3,50,hotel california welcome to the hotel california
track_0555,Song 555,Artist 55,jazz,0.13392320756201126,0.30137751270707813,1,-56.96514365627116,0,0.9186874133714725,0.14610324714465217,0.49242794988206506,0.40790918783119223,0.6207851743353371,154.8037700682811,167018,3,39,sweet child of mine she's got eyes of the bluest skies
track_0556,Song 556,Artist 55,pop,0.0010538226324141586,0.44822166998280877,2,-49.777337380586516,1,0.05479102505272748,0.14871477440812242,0.5460648406609211,0.9913895455317495,0.40746428279221414,159.0220974053454,166314,4,1,bohemian rhapsody is this the real life
track_0557,Song 557,Artist 55,electronic,0.5571131465206133,0.9383086108100714,6,-40.24993368385611,1,0.09056290366190656,0.7779129778439458,0.968013455528399,0.8499438425145329,0.9791678429712793,112.05572713668698,184907,3,60,we are the champions my friends
track_0558,Song 558,Artist 55,jazz,0.06022406635225108,0.4760506664974651,5,-43.81325116806052,1,0.29452573135051163,0.09547491179477596,0.2886198408696887,0.6246132103086346,0.831505909666368,160.6838954911581,164591,5,64,sweet child of mine she's got eyes of the bluest skies
track_0559,Song 559,Artist 55,rock,0.8855664284289093,0.7588274158545856,0,-5.928921390329805,1,0.049371804203235836,0.2696957396906917,0.6348711907267622,0.6091916225593723,0.8143746360339279,74.27191803117556,163818,4,40,love me tender love me true all my dreams fulfill
track_0560,Song 560,Artist 56,hip-hop,0.17380929305484283,0.25813889042997185,11,-4.899928638706136,1,0.6171796788051038,0.5128593842362605,0.07808565463133854,0.9450402431420827,0.5332257339222856,168.9052861296043,231507,3,92,nothing else matters nothing else matters
track_0561,Song 561,Artist 56,hip-hop,0.8479756990350006,0.7530330737751704,4,-22.588770284962536,0,0.4747056716670459,0.9432648958689547,0.726516840781275,0.9118697392227808,0.6209740444544354,100.98666998008954,223788,4,28,we are the champions my friends
track_0562,Song 562,Artist 56,pop,0.8699526549359499,0.16197979100368642,6,-36.84663512016252,0,0.5734825957487404,0.02511619446558,0.9497893118742795,0.19806704063773728,0.38785455439095107,93.83117464062767,145964,3,41,we are the champions my friends
track_0563,Song 563,Artist 56,jazz,0.5807301245907706,0.9187342379064993,10,-50.735448450554856,0,0.7995244150206758,0.06133731034574452,0.13010243115066134,0.42337002963448866,0.9684028493149703,83.74302731283132,204832,5,40,sweet child of mine she's got eyes of the bluest skies
track_0564,Song 564,Artist 56,country,0.10915904834739076,0.6354253873256287,3,-9.859513666954669,0,0.23060098787436445,0.7773039536405598,0.5316630021499466,0.9026892360630099,0.3101804134963908,54.57446081490546,195804,4,72,sweet child of mine she's got eyes of the bluest skies
track_0565,Song 565,Artist 56,reggae,0.5730155003300661,0.24958918781798733,10,-1.289221063965826,1,0.5281684305684643,0.8262984756876803,0.14196495351151317,0.8107768051504435,0.9443326099428246,63.15893107351669,105809,4,67,smells like teen spirit with the lights out
track_0566,Song 566,Artist 56,country,0.709581797878906,0.6260701433940047,5,-41.69313868346191,1,0.7622596546334708,0.0035482392406365193,0.3182679713162191,0.4569079043658981,0.44751611531959723,75.23809572843982,277450,4,90,nothing else matters nothing else matters
track_0567,Song 567,Artist 56,reggae,0.46615753353528033,0.3129629351984501,10,-23.380726255046454,1,0.038829977688857875,0.6486513689844183,0.7490983664043381,0.5737610534027813,0.5411420066528204,107.52995779420395,172968,5,5,yesterday all my troubles seemed so far away
track_0568,Song 568,Artist 56,country,0.45034581561768827,0.9298622688127295,6,-38.368488756979744,1,0.21747951195881887,0.8546499127209572,0.8782589983461305,0.6383132005814351,0.4024153531481436,68.0717143048766,251364,4,46,love me tender love me true all my dreams fulfill
track_0569,Song 569,Artist 56,reggae,0.4907335413024325,0.45871296684961027,8,-31.614024557824663,0,0.09887950639324417,0.5117682789803124,0.3886803857531519,0.5530489805424276,0.3474371400179762,199.90484878627416,162458,4,89,sweet child of mine she's got eyes of the bluest skies
track_0570,Song 570,Artist 57,jazz,0.26635781114986423,0.43838187381002547,10,-29.596965884842113,1,0.42736435294152963,0.5610897193614257,0.045207519780466554,0.8295035410494619,0.9774508363368541,122.11378919649863,170440,5,25,bohemian rhapsody is this the real life
track_0571,Song 571,Artist 57,country,0.6154007317797758,0.1632547767852992,0,-0.9401492573675512,0,0.06205894817547164,0.4219810660934108,0.5234716286580443,0.3489354672298184,0.7735744163726419,55.02538766397129,245918,5,87,bohemian rhapsody is this the real life
track_0572,Song 572,Artist 57,jazz,0.371750463275208,0.14879368433754037,8,-18.36415305441944,1,0.7788682092339184,0.8535414235277501,0.36545928344589074,0.8882745289922104,0.6813436901378609,91.18581020562978,61559,5,91,stairway to heaven and she's buying a stairway to heaven
track_0573,Song 573,Artist 57,jazz,0.710665449396615,0.6285424438330088,2,-43.08115115328444,0,0.8609040838216026,0.4359322561865505,0.8093148616916657,0.05611759622623791,0.3741081092433568,155.03479162404108,145523,4,74,imagine all the people living life in peace
track_0574,Song 574,Artist 57,hip-hop,0.16847076515344195,0.5329841363342506,6,-44.124458995815864,1,0.06472342736115755,0.5600023738137415,0.26903795814247244,0.7696272748224496,0.6087070976444416,86.00169487557683,100700,5,34,hotel california welcome to the hotel california
track_0575,Song 575,Artist 57,electronic,0.9098563165362257,0.13728695504561939,8,-44.72538917617868,0,0.5535274715932262,0.8670102552087906,0.6776894279596715,0.42788361732936064,0.2607403292899414,176.7889700223787,253395,5,2,hotel california welcome to the hotel california
track_0576,Song 576,Artist 57,pop,0.7725183520591359,0.891981685031311,8,-44.993051337304095,0,0.6635497241121205,0.09355343116946269,0.11694014065639824,0.0006936462344151462,0.2685315050165571,161.3380461230533,280336,3,49,love me tender love me true all my dreams fulfill
track_0577,Song 577,Artist 57,electronic,0.6502032314790411,0.8239694096807202,9,-23.054342016063984,0,0.19038035834344869,0.618990822202564,0.3017138988787633,0.3037908821959644,0.4733952890364681,56.161381659636575,157117,3,61,love me tender love me true all my dreams fulfill
track_0578,Song 578,Artist 57,pop,0.8508556266399996,0.4838622127560842,4,-33.429307691116314,0,0.7318339483030487,0.24856625507713703,0.15477684745362374,0.000747137470974657,0.08332115642642945,107.70351383409326,115000,4,38,nothing else matters nothing else matters
track_0579,Song 579,Artist 57,jazz,0.8068583391732682,0.2818583306856348,9,-6.942607206569356,0,0.6028162777687,0.04903406630202911,0.978566098882759,0.806012499698296,0.01861274548735059,136.73108836891777,225648,3,23,nothing else matters nothing else matters
track_0580,Song 580,Artist 58,classical,0.9695565129846695,0.2819527694084192,4,-20.467437002470056,0,0.4472641949781716,0.6938844028071891,0.10324861483445158,0.9281767426347438,0.20251019555712668,86.51640779685079,62223,4,66,love me tender love me true all my dreams fulfill
track_0581,Song 581,Artist 58,jazz,0.30835761474081214,0.4379186553698975,7,-14.447816112612976,1,0.5387903837189155,0.9603409500415611,0.13261133133476644,0.5481941924732958,0.7693387271296036,141.5492849962822,167497,5,59,bohemian rhapsody is this the real life
track_0582,Song 582,Artist 58,country,0.29987870420182094,0.2871504710818522,4,-43.141027897921816,0,0.1651947144283653,0.3191772360512658,0.06611127216077195,0.6466161435924999,0.06668345308040402,180.49971289791483,237803,3,23,yesterday all my troubles seemed so far away
track_0583,Song 583,Artist 58,electronic,0.8668388416130707,0.22218663764702495,2,-18.199683610180898,1,0.4693173932600607,0.852689210506214,0.9697159465448898,0.9340173528823844,0.8312494557013632,93.36690298839896,106832,3,4,sweet child of mine she's got eyes of the bluest skies
track_0584,Song 584,Artist 58,electronic,0.7125371283074916,0.8959607599766991,11,-41.32070196463852,1,0.496535249033895,0.7741739400500038,0.9934368211115882,0.6007849811606985,0.38916542320852243,86.2890351266532,124242,4,44,yesterday all my troubles seemed so far away
track_0585,Song 585,Artist 58,hip-hop,0.9366236834284021,0.9918429300621131,9,-23.628338923928105,1,0.9457855226914572,0.30861695091879937,0.9953491616756033,0.38202008847164226,0.4805337746860726,128.3074617057053,129458,3,73,love me tender love me true all my dreams fulfill
track_0586,Song 586,Artist 58,hip-hop,0.8354907509555083,0.5755081019227332,8,-15.393299164917956,1,0.8444611665561769,0.9688787345353482,0.1940941044735549,0.12794192427767026,0.07028657737075306,114.44301804722673,182871,5,62,smells like teen spirit with the lights out
track_0587,Song 587,Artist 58,rock,0.7189839697343445,0.17679519948237898,7,-9.07105946232518,0,0.34304595046715536,0.35455430014990164,0.6171237392942133,0.4704565758579028,0.7241686643318306,75.68458386757813,229796,4,0,smells like teen spirit with the lights out
track_0588,Song 588,Artist 58,rock,0.07224359330711139,0.5365699726121124,11,-57.76404646443614,0,0.5089676833506468,0.6460729187293364,0.8093269014433903,0.4409005912001901,0.598399872330362,91.35518539776876,252186,5,14,stairway to heaven and she's buying a stairway to heaven
track_0589,Song 589,Artist 58,classical,0.26983100307866614,0.6957817053543648,0,-33.87019122355914,1,0.8330761436616098,0.09901781146874122,0.4956187077838906,0.6754917099212546,0.6408832932363013,105.77736208338465,254228,4,15,smells like teen spirit with the lights out
track_0590,Song 590,Artist 59,jazz,0.29866199146881534,0.12368565314367619,9,-42.36664643002466,1,0.23229614030633683,0.24428432431316627,0.03465173405304567,0.7406767536637456,0.609888781275594,66.90730835283236,199502,4,50,we are the champions my friends
track_0591,Song 591,Artist 59,pop,0.13461636981026448,0.3281015947654151,10,-34.69499457295032,0,0.8858416681831717,0.5470824190678869,0.22999912995737348,0.32804136195603206,0.8798769059148203,73.73544877800973,294261,4,67,love me tender love me true all my dreams fulfill
track_0592,Song 592,Artist 59,classical,0.67035131377562,0.8973451622446762,10,-59.21656090446987,1,0.1321597134289103,0.2774072314420982,0.5827076659858833,0.9107295809076144,0.8566958610929822,66.67437770851203,112008,5,78,hotel california welcome to the hotel california
track_0593,Song 593,Artist 59,hip-hop,0.8876441301516617,0.796085399039414,8,-12.318359053890312,0,0.4229961148959568,0.6291977927221039,0.27714107745447647,0.9782446193957973,0.7204571784722709,151.17740559743982,126279,3,44,we are the champions my friends
track_0594,Song 594,Artist 59,reggae,0.4080700264358402,0.3561939844079788,11,-4.953834664516727,0,0.3317905809188745,0.6167402758627362,0.16688951737589763,0.7624324748288905,0.06477914059371148,84.19109888041045,91466,3,92,sweet child of mine she's got eyes of the bluest skies
track_0595,Song 595,Artist 59,hip-hop,0.5474077292559684,0.38019335880779737,10,-4.838745202623542,1,0.34035559847409613,0.6354104180475021,0.7533751379792999,0.08193057865616737,0.08066851388958718,143.81522050638495,250530,4,67,imagine all the people living life in peace
track_0596,Song 596,Artist 59,pop,0.9499480087556942,0.34225688758130524,1,-15.961949870457445,1,0.057159377914568044,0.3850288653237779,0.5328242637869358,0.48778596918117123,0.11429753822548605,105.52544064783535,122543,3,81,stairway to heaven and she's buying a stairway to heaven
track_0597,Song 597,Artist 59,electronic,0.29948183636869674,0.10391056127696119,6,-27.113898460160485,0,0.388085769159597,0.3044115433389538,0.9576919278661192,0.6916778574776083,0.9339133225956507,148.98179860961255,94773,4,72,stairway to heaven and she's buying a stairway to heaven
track_0598,Song 598,Artist 59,electronic,0.610919520874987,0.7990537652891101,3,-42.39859285481076,1,0.127449855166599,0.9545758245241541,0.07631143942745822,0.5107372379518091,0.811120137886398,177.55238069224026,75478,3,5,bohemian rhapsody is this the real life
track_0599,Song 599,Artist 59,country,0.7973676308454838,0.4843675831909591,1,-21.386085012909312,1,0.9417417357503444,0.2661399168387075,0.12351717890115999,0.3533637404495328,0.7967523787047235,124.5789132786766,259553,5,87,imagine all the people living life in peace
track_0600,Song 600,Artist 60,reggae,0.01742541269518294,0.8976151904741398,6,-58.08238655345842,1,0.578006557580646,0.37370040364692525,0.5114181198497955,0.42467323480100905,0.9543308558208993,166.23964165417186,169334,4,6,love me tender love me true all my dreams fulfill
track_0601,Song 601,Artist 60,classical,0.08637377427607573,0.0020219657186508755,5,-54.40924401601563,0,0.8790442198617917,0.3151801181668906,0.15601440113308074,0.03892673916938638,0.8755070546162694,146.922775566527,255767,5,36,hotel california welcome to the hotel california
track_0602,Song 602,Artist 60,classical,0.615256204156157,0.8357275539238715,6,-18.1855889259962,0,0.6549343210259747,0.5748200605742455,0.6120167280694624,0.30571774358149495,0.42050240999798416,85.29940668136919,200917,4,48,sweet child of mine she's got eyes of the bluest skies
track_0603,Song 603,Artist 60,jazz,0.10826005857507548,0.8629088819485763,9,-17.69398317516331,1,0.5716668924392717,0.1951967534100969,0.5696108272922514,0.5083433303474909,0.2970774911689422,198.6836339378105,234006,4,66,hotel california welcome to the hotel california
track_0604,Song 604,Artist 60,rock,0.34700764871570033,0.7806028214344574,0,-54.68231826010269,1,0.6808591168226956,0.9459720137188707,0.38587375559534876,0.3407043179608752,0.9331045675569289,156.37607873920535,122911,3,45,nothing else matters nothing else matters
track_0605,Song 605,Artist 60,reggae,0.5608706515418656,0.4183289527267505,7,-35.65195394899058,1,0.5988106265525706,0.7728841147552387,0.5205812058736013,0.13137542497524812,0.6638742823880601,78.20567941562896,64210,4,73,smells like teen spirit with the lights out
track_0606,Song 606,Artist 60,reggae,0.4550724505211411,0.19703263407235838,6,-8.269980506931304,0,0.6769396529650532,0.297304661802855,0.6721345554550715,0.6732673564628012,0.021276433431667408,195.39999851636392,202788,3,1,imagine all the people living life in peace
track_0607,Song 607,Artist 60,reggae,0.06299423118921199,0.2536120729789584,2,-23.88867975402613,0,0.21705993131879697,0.3274763585540096,0.07885443141981352,0.055830518111684935,0.2320373415552064,122.72881856410623,80038,5,85,sweet child of mine she's got eyes of the bluest skies
track_0608,Song 608,Artist 60,hip-hop,0.7932138146250709,0.5646758418950317,5,-11.469392571335746,0,0.03593281003900395,0.5919075517011508,0.021625337582261484,0.41250097644819483,0.9867873994885724,110.9966759535352,77261,5,20,imagine all the people living life in peace
track_0609,Song 609,Artist 60,electronic,0.7334912938077267,0.3924044425333477,6,-22.29077724536564,0,0.6708121765092043,0.15843396510429897,0.9654495973192662,0.7100683874043386,0.7606800545590788,64.3502980349841,65050,4,22,nothing else matters nothing else matters
track_0610,Song 610,Artist 61,jazz,0.718768896112828,0.967156839127061,10,-36.00734397272298,1,0.27156376158108764,0.5552056506137244,0.6203078979977572,0.5691297213868893,0.657217481979349,153.74842386382704,278519,5,75,love me tender love me true all my dreams fulfill
track_0611,Song 611,Artist 61,classical,0.0931980162961602,0.1869694183403805,8,-45.895659443988734,0,0.6066287681180546,0.5814536551283107,0.11347097473984424,0.6450263418019626,0.9118427542203644,115.13740687109697,242869,4,86,stairway to heaven and she's buying a stairway to heaven
track_0612,Song 612,Artist 61,classical,0.44549887321969284,0.3630909890216022,3,-6.131029915121971,0,0.4354975197184915,0.2424558204712639,0.5072125203070934,0.1736795504917712,0.6736524805029581,146.05242852762615,173139,5,41,bohemian rhapsody is this the real life
track_0613,Song 613,Artist 61,pop,0.1581686796161994,0.18983618381549483,2,-15.31502512487831,1,0.9984512558990956,0.6256783957677735,0.004698284408489073,0.5663269791427817,0.6988626134409355,141.9456551880031,179041,3,84,sweet child of mine she's got eyes of the bluest skies
track_0614,Song 614,Artist 61,jazz,0.009614029829210002,0.43539635989882663,1,-37.09049615746392,1,0.5708088773562404,0.8118188352881762,0.6202847851798261,0.42998851592603793,0.4829202112692045,74.69660714049525,275581,3,62,love me tender love me true all my dreams fulfill
track_0615,Song 615,Artist 61,classical,0.9558839346745831,0.08603065741595639,1,-39.69085573107888,0,0.6401927936999326,0.1473691461807186,0.7054240557484892,0.39619405084975157,0.9898574674618799,163.79747869067205,132430,4,73,love me tender love me true all my dreams fulfill
track_0616,Song 616,Artist 61,rock,0.1014978176174155,0.5744411956238596,3,-9.421754210619767,0,0.5100905164156017,0.7632599597724491,0.014098758424490487,0.6355618353911547,0.7303603335266093,67.03246399868972,218911,4,27,smells like teen spirit with the lights out
track_0617,Song 617,Artist 61,country,0.1753071145424,0.46577505128423,1,-23.172733407806064,1,0.2384694157339997,0.9804644579094862,0.011926659442587084,0.24686031315619916,0.4663337892238816,62.67299603484858,136020,3,72,imagine all the people living life in peace
track_0618,Song 618,Artist 61,pop,0.984701008490776,0.5772271010959245,6,-54.84002794503322,1,0.10071031767396488,0.1762748347008486,0.016340709417380195,0.4010428379972667,0.18514668310093851,146.57418280052678,114277,4,34,stairway to heaven and she's buying a stairway to heaven
track_0619,Song 619,Artist 61,pop,0.754967569300115,0.5179585210032553,7,-56.558477085378655,1,0.4629608170112216,0.6785535277805341,0.383177469604025,0.3514524092728172,0.79000715850086,167.92048346751855,95419,5,78,hotel california welcome to the hotel california
track_0620,Song 620,Artist 62,hip-hop,0.9941751469733834,0.6596482672084817,0,-18.154461128787496,0,0.21492002467107607,0.15347210096044117,0.8042124646890969,0.13758774445665567,0.521006154516181,85.20066283179884,259816,5,96,bohemian rhapsody is this the real life
track_0621,Song 621,Artist 62,rock,0.016548004535628658,0.19185393097631254,3,-25.427814507995166,1,0.8836051891604536,0.3305504868414859,0.10525641803471764,0.3009905245525831,0.917517695062652,131.0083864490568,85278,3,9,bohemian rhapsody is this the real life
track_0622,Song 622,Artist 62,country,0.3774230153911181,0.04608854668922002,11,-41.87666042816173,0,0.7644297234860228,0.8602092602663658,0.9213240546982754,0.8306280848589297,0.039522060651101865,149.11405973615967,149432,3,32,nothing else matters nothing else matters
track_0623,Song 623,Artist 62,country,0.6300541853326096,0.49876872688014484,6,-46.26288210037197,0,0.9783575152607895,0.05216722758199854,0.186436517092339,0.7096489833397576,0.15305703199882137,92.34033621306486,199848,4,62,love me tender love me true all my dreams fulfill
track_0624,Song 624,Artist 62,hip-hop,0.1609915166564051,0.440453522755362,7,-22.011311974941975,1,0.320711212835184,0.40355549121867973,0.5724369498389386,0.9254886509753337,0.7789342303614363,87.31127144004574,147339,4,97,smells like teen spirit with the lights out
track_0625,Song 625,Artist 62,jazz,0.2635521850258602,0.1312904813545347,2,-30.10289468234378,1,0.11807587053677338,0.5994980912027729,0.3829951849030888,0.7469069040492501,0.8498296831050814,160.37590525891528,237230,3,50,imagine all the people living life in peace
track_0626,Song 626,Artist 62,electronic,0.057646139744580105,0.5242252421497046,3,-2.500508364550406,0,0.5489289758465442,0.9146316659924458,0.09470323443524276,0.4506194341615435,0.11144800237234964,180.8396933289392,84497,5,92,nothing else matters nothing else matters
track_0627,Song 627,Artist 62,country,0.8900079082955284,0.4273222682558667,1,-55.90641207455138,1,0.6620537549353543,0.5736805688441351,0.8194335958418406,0.7206561617396945,0.7739916529426282,117.0422125692286,219701,5,36,sweet child of mine she's got eyes of the bluest skies
track_0628,Song 628,Artist 62,country,0.2795184076647571,0.8378694802293625,6,-44.89495986458045,1,0.758297831925386,0.034477665866667784,0.010611786387310418,0.2116423161164438,0.10374108597978726,88.49200986484057,170448,5,61,we are the champions my friends
track_0629,Song 629,Artist 62,electronic,0.2395921236785411,0.9376882511023591,4,-35.39882619612176,0,0.27350252647088225,0.8173737510904336,0.7940852758013988,0.8984210052534122,0.11975891971411878,145.29256398411513,76640,3,63,hotel california welcome to the hotel california
track_0630,Song 630,Artist 63,hip-hop,0.48935870685475447,0.7031296728701271,10,-27.886566678912736,1,0.7176773133724039,0.9057297793201635,0.7821724141884498,0.10998487424224346,0.5641532687152424,89.28438316891004,226071,5,28,stairway to heaven and she's buying a stairway to heaven
track_0631,Song 631,Artist 63,jazz,0.357486351197997,0.1604225585229182,4,-49.02780349999209,0,0.5700818313483931,0.34205838027286517,0.13535733379812176,0.41505100542544315,0.5653044875574997,112.53994697863084,148871,5,55,imagine all the people living life in peace
track_0632,Song 632,Artist 63,classical,0.365001289323291,0.542440947374057,10,-33.22732627906122,1,0.47257278207993625,0.1475283386076781,0.30342753983346304,0.36612654319820326,0.38198573972254446,170.68656852165773,99899,5,1,hotel california welcome to the hotel california
track_0633,Song 633,Artist 63,reggae,0.08319778999368765,0.3124056577110027,11,-21.727552950364426,0,0.40509630816423825,0.1795045654980888,0.43273672506922567,0.6848044958842991,0.5760823963040034,159.25783919596338,146435,5,35,bohemian rhapsody is this the real life
track_0634,Song 634,Artist 63,reggae,0.4771985414926776,0.3219369958776416,0,-21.488731570191185,0,0.03128461909085889,0.961991674186869,0.558472871902283,0.9896180912242962,0.4327985665875991,156.52901191722594,138571,5,62,sweet child of mine she's got eyes of the bluest skies
track_0635,Song 635,Artist 63,hip-hop,0.7914005061634568,0.15694101448479492,6,-26.67104223393178,0,0.5917098369534042,0.4353867048861234,0.005943898198151776,0.18786372332871681,0.3356884914887165,109.25726450951241,156790,3,53,imagine all the people living life in peace
track_0636,Song 636,Artist 63,classical,0.5783133882380349,0.5819235326357314,7,-24.100469866306376,1,0.015697964642164886,0.2627818223504744,0.16028071189047766,0.19173772591927996,0.9235451312445392,94.72834764102538,166283,3,7,smells like teen spirit with the lights out
track_0637,Song 637,Artist 63,rock,0.943967323987559,0.7990859178889892,5,-2.3544981706666803,0,0.04566073753140387,0.9930752512145771,0.9302188466320589,0.8383662914397677,0.7761766886470932,171.86331552015287,207094,4,80,yesterday all my troubles seemed so far away
track_0638,Song 638,Artist 63,pop,0.8004085268221547,0.7145308341579972,8,-40.27229070173746,0,0.13646803488801806,0.667230213093891,0.31160866253392694,0.9096979958992161,0.23135870835592875,116.85499298896119,132156,3,94,bohemian rhapsody is this the real life
track_0639,Song 639,Artist 63,jazz,0.8690609538411607,0.6240783406824905,2,-38.54453306754442,1,0.3766321131027215,0.11199910241691369,0.039452380755816696,0.12282836413727571,0.7853298654275971,131.61297918118507,153986,5,70,imagine all the people living life in peace
track_0640,Song 640,Artist 64,classical,0.12289817465655506,0.5218497488326417,1,-40.63420287435163,0,0.4889394991622176,0.37805356197265705,0.7650907768854754,0.16854236727158478,0.97246507132844,132.6718339230373,266152,5,73,stairway to heaven and she's buying a stairway to heaven
track_0641,Song 641,Artist 64,classical,0.7276980481362054,0.75269162278979,2,-3.178280653965537,1,0.7763699933728732,0.9433755401399229,0.9928416586378336,0.2230424558038251,0.7258215242513586,97.9919798555643,218894,4,31,love me tender love me true all my dreams fulfill
track_0642,Song 642,Artist 64,reggae,0.537966357136041,0.22605984389762201,5,-49.254461365901676,0,0.06491179408375403,0.6802415175958467,0.4132354525740729,0.6947636251103974,0.421490464656912,120.8645505275228,217658,4,71,stairway to heaven and she's buying a stairway to heaven
track_0643,Song 643,Artist 64,jazz,0.7347296667636313,0.38953164629913783,4,-21.949116206360642,0,0.9908802229973114,0.02612383927665518,0.3244234697738383,0.09471069277129307,0.8664329840329508,50.423631878880045,144880,4,9,nothing else matters nothing else matters
track_0644,Song 644,Artist 64,reggae,0.24291325458023183,0.5504857930321272,10,-34.562966541933164,0,0.0864151548867047,0.3775489823349718,0.9217772140341448,0.9850440586228528,0.3877469318390262,136.8256798196406,290420,4,41,yesterday all my troubles seemed so far away
track_0645,Song 645,Artist 64,electronic,0.7894372098251882,0.2824879320517697,9,-34.13520388575421,0,0.4243969093065013,0.8863776121626636,0.8507676321942906,0.5860436125462771,0.40270363062188175,187.63388816352784,270627,4,81,we are the champions my friends
track_0646,Song 646,Artist 64,pop,0.7705005080103345,0.11943157795250336,10,-47.411735169317915,1,0.7831244415114471,0.5273904853595636,0.1777157918013782,0.2256810339680716,0.9912151347144499,172.44270011815112,234867,3,0,nothing else matters nothing else matters
track_0647,Song 647,Artist 64,pop,0.17824363514084685,0.9981416005184616,1,-35.29039870640773,0,0.0675772925581154,0.43623444222303787,0.029819368195509788,0.055638953515580014,0.7667088820767075,92.86267049184922,104839,3,15,love me tender love me true all my dreams fulfill
track_0648,Song 648,Artist 64,jazz,0.012148641884873967,0.08248456988115116,7,-28.16089814065307,0,0.2810861088234785,0.9214934539196538,0.8383372398461258,0.33057941009613667,0.9062285130750792,144.45329921909942,197779,5,54,we are the champions my friends
track_0649,Song 649,Artist 64,reggae,0.9829356146430245,0.9820355977953884,4,-32.80068581268827,0,0.29108104244218835,0.17996013520034915,0.1325237512084766,0.07710090661198854,0.760780505688537,153.0730894880375,69121,3,33,bohemian rhapsody is this the real life
track_0650,Song 650,Artist 65,hip-hop,0.16051063473384164,0.27192693953489855,10,-6.245481261400705,0,0.04259314380985224,0.9620616316787318,0.9480611720446177,0.8769690518161767,0.9688809641332518,129.75287861207477,174348,5,90,nothing else matters nothing else matters
track_0651,Song 651,Artist 65,country,0.3474976298727722,0.2099216970115403,10,-20.81501726780558,1,0.5634487590362418,0.6348698444883351,0.38143592606343335,0.06404018128886768,0.4184340483179644,117.79202184476648,158638,4,57,smells like teen spirit with the lights out
track_0652,Song 652,Artist 65,pop,0.9230703509252781,0.8739666674674418,0,-40.32534029910955,0,0.47130355701945714,0.014360331065435217,0.535727906239133,0.8080584586245048,0.7663629127807218,74.40522871970909,250420,5,59,sweet child of mine she's got eyes of the bluest skies
track_0653,Song 653,Artist 65,reggae,0.012414843967417766,0.6402278056370665,8,-32.97234298056469,0,0.9672209067751177,0.7863916449342429,0.36738865053736636,0.12336753910062415,0.23186626946665512,141.84115746039384,239223,4,64,we are the champions my friends
track_0654,Song 654,Artist 65,hip-hop,0.6758153000936082,0.8469557488068524,10,-19.08474044361808,1,0.09386504890165459,0.2583771150616744,0.8116342546644179,0.5419126038001166,0.010165858280932305,129.89803927816223,129494,5,43,we are the champions my friends
track_0655,Song 655,Artist 65,jazz,0.9688203763382335,0.7059640122573634,4,-29.82339610577248,0,0.21212063657005076,0.7252679258234048,0.8629940885169026,0.2663905478057744,0.12625974511368865,80.97444018201341,175621,4,65,love me tender love me true all my dreams fulfill
track_0656,Song 656,Artist 65,pop,0.8444764875734792,0.7583570547606476,2,-36.40743948453901,1,0.6934600009124724,0.4806423562948555,0.08219177162984914,0.915397613919248,0.03130506699512925,61.92901432738692,247924,4,68,we are the champions my friends
track_0657,Song 657,Artist 65,rock,0.40579581079785876,0.12097262277909515,10,-40.39584405832252,1,0.8633080793530188,0.32568762980309685,0.3000039921473975,0.6542936572312216,0.030375491185114623,128.87044831778732,225325,3,45,stairway to heaven and she's buying a stairway to heaven
track_0658,Song 658,Artist 65,hip-hop,0.4615283999997384,0.24460884141351946,0,-30.117179344939647,0,0.38977244970363645,0.6821859292183784,0.10122431588797476,0.17455414811057968,0.17000845777058116,146.9805129051133,127409,3,49,smells like teen spirit with the lights out
track_0659,Song 659,Artist 65,country,0.8454601457705437,0.6539109684733554,5,-51.13144130811147,0,0.17433600228352375,0.39314728388126186,0.18642232886564092,0.3079114968203823,0.23387032546419606,160.09990172742053,187716,3,98,stairway to heaven and she's buying a stairway to heaven
track_0660,Song 660,Artist 66,jazz,0.3703766563977767,0.7570872249489542,3,-5.662624846570679,0,0.14694928753246095,0.8818675225547873,0.36799862076111645,0.3708412219470121,0.6122744749984667,121.39503828856748,149633,4,80,hotel california welcome to the hotel california
track_0661,Song 661,Artist 66,electronic,0.4700815885530193,0.05047068020816703,8,-55.94243619432895,1,0.03564980575887011,0.14611571805399848,0.14697399409350997,0.7951148623694613,0.47445149902967987,60.29105470370273,139872,3,98,stairway to heaven and she's buying a stairway to heaven
track_0662,Song 662,Artist 66,classical,0.4094615406729476,0.8495952471420848,10,-14.269694971938485,0,0.3149819571011716,0.48660311902567877,0.2130825403657719,0.49347289853504295,0.376408176417252,195.30176790793496,257949,3,97,yesterday all my troubles seemed so far away
track_0663,Song 663,Artist 66,classical,0.1380423503547865,0.633758218037905,1,-20.66288799477131,0,0.607307945193382,0.9522500583822161,0.229884448269827,0.7172900874362177,0.39120847633595823,71.66256664780522,65310,5,72,yesterday all my troubles seemed so far away
track_0664,Song 664,Artist 66,electronic,0.0619634764947834,9.484546313864861e-05,4,-57.05173754215488,0,0.15635336586695125,0.48982208858733145,0.5113585022393733,0.11877149468340198,0.0442932800860012,146.77236834536464,249093,5,90,nothing else matters nothing else matters
track_0665,Song 665,Artist 66,pop,0.8707299314327575,0.4452153141865357,4,-59.07855229398529,1,0.5748379201704372,0.9788385543578239,0.7433235585203473,0.5456120939790908,0.48468491201131925,54.28189968311398,81953,3,68,stairway to heaven and she's buying a stairway to heaven
track_0666,Song 666,Artist 66,pop,0.23888318186173452,0.23021227816946932,5,-54.52757743323636,1,0.6172975029527219,0.6617188830179201,0.9129458872962651,0.03151932805662294,0.13223387923990326,135.56195024118773,270154,5,76,we are the champions my friends
track_0667,Song 667,Artist 66,rock,0.8033353697741382,0.8757450638950707,4,-26.8571951634377,0,0.01494714984500567,0.9851016836002048,0.6789286337876422,0.20071384658723168,0.7719655530344015,70.86179905114815,147183,3,36,sweet child of mine she's got eyes of the bluest skies
track_0668,Song 668,Artist 66,pop,0.2115283490567269,0.6987329754642362,10,-16.30796014627054,1,0.4856350949328361,0.8629901226755187,0.444267008550276,0.844781267274056,0.14774311161401799,110.70043706225965,222430,4,84,love me tender love me true all my dreams fulfill
track_0669,Song 669,Artist 66,rock,0.824857942940226,0.44188999729861633,8,-42.37703041096759,1,0.7191713063658277,0.7016717578159031,0.8134089876827659,0.9236949680462129,0.6212872081043096,132.13092856938795,253296,5,57,smells like teen spirit with the lights out
track_0670,Song 670,Artist 67,jazz,0.022892080708510232,0.9864937622739418,3,-49.73849162432218,1,0.48868460613952813,0.22410566383873076,0.21042042566894492,0.8782265985228485,0.3333157852384616,117.14937615578934,246704,3,82,smells like teen spirit with the lights out
track_0671,Song 671,Artist 67,pop,0.7925191725537654,0.9778138525225825,1,-21.360379589796075,0,0.8657817878315736,0.39517482297914563,0.9309104427693139,0.05552538168542942,0.4347769040419266,123.23628649881108,258611,4,5,love me tender love me true all my dreams fulfill
track_0672,Song 672,Artist 67,electronic,0.4732541722234783,0.7483975282173747,7,-26.435155847473,1,0.6417509393168862,0.051432931098325474,0.810747962052024,0.6407305661861751,0.16126669755524947,97.06663687517221,100453,3,17,nothing else matters nothing else matters
track_0673,Song 673,Artist 67,reggae,0.3826745493383177,0.6326259675540044,1,-36.21428399437816,1,0.18409352881045182,0.02249379353980141,0.9515987866073353,0.27312837258132305,0.11912746093107351,56.26615771747869,88300,5,58,imagine all the people living life in peace
track_0674,Song 674,Artist 67,electronic,0.7093700100659204,0.32812989120757996,3,-4.319710636005311,0,0.8228722647814036,0.24833097231068435,0.12076217060318195,0.6166962441419854,0.5138566839630162,148.2976560098789,61451,4,0,imagine all the people living life in peace
track_0675,Song 675,Artist 67,jazz,0.9784103429014624,0.17228120093975396,11,-51.008475549402895,1,0.7556394268889497,0.9769751094348411,0.9938251432178004,0.6746440555678797,0.5803771107661801,93.15744309833215,259825,3,33,sweet child of mine she's got eyes of the bluest skies
track_0676,Song 676,Artist 67,classical,0.5284240786611497,0.46999361694496133,6,-11.942747797656487,1,0.7899566559531964,0.6422272536145354,0.430615779491361,0.42711777520508887,0.5218126735161114,196.24949681437846,104099,4,98,bohemian rhapsody is this the real life
track_0677,Song 677,Artist 67,classical,0.7969194022365843,0.08468089854285898,7,-51.397295298883854,1,0.19825702100122877,0.8638725853011437,0.677641591994587,0.6147407097457174,0.9679011975950498,79.81637121861962,154379,3,32,smells like teen spirit with the lights out
track_0678,Song 678,Artist 67,country,0.397940611424906,0.5425125593436467,1,-21.449430748338123,1,0.30705081047634,0.3511273031616846,0.817637234689736,0.10227028707837316,0.9024712347057264,167.57982585508174,119509,3,3,imagine all the people living life in peace
track_0679,Song 679,Artist 67,pop,0.568270925349759,0.15925815377633223,3,-37.696271099100045,0,0.904821403757341,0.5515090218490455,0.5280252035490383,0.7442768019955962,0.0051025171221227295,106.28793952440427,209446,3,21,sweet child of mine she's got eyes of the bluest skies
track_0680,Song 680,Artist 68,jazz,0.3473334412013047,0.37924374306999775,10,-13.01052652054689,1,0.15037011716012683,0.1402055092630663,0.920112361120633,0.4397578397950469,0.4611000946958269,190.39242142535673,228198,5,14,smells like teen spirit with the lights out
track_0681,Song 681,Artist 68,country,0.9410241391407494,0.9948090838189095,11,-33.49571342603811,0,0.43164647134047995,0.3938258456426086,0.027097093774064995,0.6007730489256864,0.8005543683100651,133.84315201098707,162502,4,75,bohemian rhapsody is this the real life
track_0682,Song 682,Artist 68,hip-hop,0.6225652585144745,0.7288191036841878,7,-21.262567889621266,0,0.7607879935289547,0.17574122604051268,0.13654186962406012,0.017116958674429306,0.05827780038397845,74.66744379123142,139552,3,89,hotel california welcome to the hotel california
track_0683,Song 683,Artist 68,pop,0.2109547900504335,0.8420148769373115,11,-57.30855590197333,0,0.05291201807811696,0.20592756987307148,0.614796057618348,0.046399132943496846,0.48523926357995983,150.85901966492867,291178,3,84,imagine all the people living life in peace
track_0684,Song 684,Artist 68,reggae,0.040442728073750156,0.6694229854048662,3,-44.79549548674322,1,0.38238941912133817,0.9496203319080568,0.25001301254636654,0.4411266060755189,0.3674932030109129,85.02749635782743,299148,5,10,stairway to heaven and she's buying a stairway to heaven
track_0685,Song 685,Artist 68,jazz,0.8248236517418689,0.1350666755596579,5,-25.15398031160317,1,0.5558875815030188,0.811288773189576,0.49637993955599635,0.906557777451137,0.38301498120968946,74.45529854085285,214033,5,14,smells like teen spirit with the lights out
track_0686,Song 686,Artist 68,jazz,0.5607915456521814,0.10327943092929392,6,-25.278567923984802,1,0.5181084856210981,0.5263201758977335,0.16252371084950323,0.9842417836818631,0.634569156207707,107.34961958433233,82301,4,40,imagine all the people living life in peace
track_0687,Song 687,Artist 68,electronic,0.28331340447912323,0.3421147907049851,1,-7.843994149391079,0,0.1458751910710413,0.19941425199289764,0.6305167318806169,0.9864696410826059,0.4362263295897716,148.52082093828255,169842,4,3,smells like teen spirit with the lights out
track_0688,Song 688,Artist 68,reggae,0.5747517342364096,0.9844916455274924,7,-59.0201644859434,1,0.5799187499070831,0.7428549156814722,0.41087746833164196,0.15013723320617944,0.5832450838210302,119.39483791771386,179145,4,3,yesterday all my troubles seemed so far away
track_0689,Song 689,Artist 68,hip-hop,0.8712903408373238,0.7974321670372967,9,-13.242467960253748,0,0.61749629989823,0.9009684389094326,0.9074941239835451,0.7494832560937026,0.8862781784549756,162.39184985086743,267074,4,54,love me tender love me true all my dreams fulfill
track_0690,Song 690,Artist 69,reggae,0.17176405850527632,0.8276677244188184,7,-31.253637057031916,0,0.795906126854676,0.31369465057474855,0.2802215767178482,0.10699885601076031,0.9081008302917484,128.11248869124216,211224,3,88,smells like teen spirit with the lights out
track_0691,Song 691,Artist 69,pop,0.8972414575535349,0.016910995917895022,10,-34.72404339950613,1,0.675367641370794,0.01597532034526894,0.33355944771493795,0.17332546668652982,0.5717361980731037,173.5135566461932,283519,3,89,hotel california welcome to the hotel california
track_0692,Song 692,Artist 69,pop,0.4677832881764533,0.14167818405876886,11,-35.00819470448272,0,0.30688359835487034,0.15479569759789602,0.6944084895168738,0.42140430941768436,0.10137857135336326,110.31884775341565,73922,5,24,hotel california welcome to the hotel california
track_0693,Song 693,Artist 69,rock,0.05066967251357679,0.28373689141035874,3,-43.85760651209981,0,0.5365387272229665,0.7005155753441451,0.9960945664838627,0.2346537561777513,0.05842960242421591,199.4442847073697,153238,5,2,bohemian rhapsody is this the real life
track_0694,Song 694,Artist 69,electronic,0.4367400560393213,0.320728537633556,3,-49.61485739651274,0,0.4284268381928529,0.4776288526090563,0.6885852580743327,0.3409430786947182,0.8187063618927239,167.5648819743334,253614,4,44,sweet child of mine she's got eyes of the bluest skies
track_0695,Song 695,Artist 69,reggae,0.48466041101339585,0.07422251193618545,7,-41.85253781933041,0,0.3163649666080197,0.4854689977701119,0.0611469713541144,0.8008433598010636,0.8630951835024288,159.96313467041836,289487,4,10,imagine all the people living life in peace
track_0696,Song 696,Artist 69,pop,0.10918435203752141,0.6654589259850263,2,-41.46176904264337,0,0.3420731097795451,0.5570851525244261,0.5174117774091035,0.02247697142128957,0.828576616632767,135.96339849025276,77302,5,79,bohemian rhapsody is this the real life
track_0697,Song 697,Artist 69,classical,0.9826010850162503,0.8423973380199024,2,-24.93864447767357,0,0.23846072580069755,0.24125966637043095,0.18566869348794457,0.19545654584205385,0.26006191618033425,89.69095868534055,226759,4,29,we are the champions my friends
track_0698,Song 698,Artist 69,classical,0.07281757439174474,0.9667059686289339,10,-26.32665470701744,1,0.16080650927167262,0.9163667564157458,0.28723265133184617,0.39329045214708236,0.7889687023980329,57.826006162595114,81063,5,43,stairway to heaven and she's buying a stairway to heaven
track_0699,Song 699,Artist 69,country,0.9245946667403396,0.11119535314551832,7,-25.54467527612524,1,0.45150308066879663,0.9709731635351048,0.4992838337156196,0.09286026455630725,0.922253324024229,89.01030412333252,182787,4,49,hotel california welcome to the hotel california
track_0700,Song 700,Artist 70,pop,0.8515167877292743,0.020595364558532947,0,-47.080203012667724,0,0.9701488205837357,0.4771192928542132,0.05224297861271032,0.7647991282106973,0.9300196095852474,185.5804875982845,144365,5,75,we are the champions my friends
track_0701,Song 701,Artist 70,pop,0.4667522404014103,0.3969405975481872,8,-0.0668010474622136,1,0.6063215147186678,0.5054711496243668,0.8854182408021987,0.9222497850858035,0.5919375349681275,174.84828209699614,247076,3,89,hotel california welcome to the hotel california
track_0702,Song 702,Artist 70,electronic,0.3472697724497925,0.4341894139251905,2,-44.02286952241302,1,0.3884179026854462,0.07145601046234729,0.7102202024309527,0.8208656492531967,0.03004030201874741,55.41917723639216,151586,4,46,hotel california welcome to the hotel california
track_0703,Song 703,Artist 70,electronic,0.6845512514871156,0.630981210544878,7,-4.489346435087782,0,0.5988729437640473,0.07122209915041011,0.6924451388753741,0.12008499232519831,0.816411509716541,62.324785388004116,177554,5,91,nothing else matters nothing else matters
track_0704,Song 704,Artist 70,electronic,0.37795058525792513,0.01778161578087445,8,-50.72698044993437,0,0.36523832894904107,0.8140644543102695,0.5251701048474442,0.671051955469203,0.7623595466163937,160.69656576296637,139026,4,40,bohemian rhapsody is this the real life
track_0705,Song 705,Artist 70,pop,0.06325578651394104,0.6901055554695978,4,-55.051617733116124,1,0.8228343675159805,0.6604348592194251,0.023560986871556833,0.06531422993159908,0.2574703077753724,159.77389822103845,257835,4,77,nothing else matters nothing else matters
track_0706,Song 706,Artist 70,hip-hop,0.6988607347460998,0.7510710851378568,9,-35.199335830960194,0,0.24931076671841668,0.8480784169238514,0.3706733231938275,0.8708636796178403,0.21804768256814422,55.25978773347458,204128,3,79,love me tender love me true all my dreams fulfill
track_0707,Song 707,Artist 70,classical,0.5012693608657127,0.8439161094851242,2,-32.34393345301115,0,0.40020639719104945,0.05942255929810192,0.10930776580775259,0.27704860062933356,0.010526587848016966,144.8541883019811,115563,5,45,bohemian rhapsody is this the real life
track_0708,Song 708,Artist 70,jazz,0.2559176640514853,0.851478564651548,3,-24.60241751017761,1,0.10609386999069548,0.4816477765884033,0.3971626486848844,0.5014436115420667,0.6012658984921964,184.7831442266175,182953,4,63,we are the champions my friends
track_0709,Song 709,Artist 70,country,0.523891243336644,0.9606710586278256,6,-40.036789215651645,1,0.1267724037177742,0.816531959823381,0.4030738011022187,0.385737021643467,0.25621688760972705,105.79462005895584,104562,3,55,smells like teen spirit with the lights out
track_0710,Song 710,Artist 71,electronic,0.09997008573345845,0.3182894526795511,4,-4.870604096618855,1,0.2410888593291467,0.7970981934583358,0.13832117458578796,0.9887152315264729,0.08531790973282305,106.91466016479359,281713,4,46,sweet child of mine she's got eyes of the bluest skies
track_0711,Song 711,Artist 71,rock,0.06121874996628496,0.9823878524096679,9,-54.02241630626683,0,0.4684105663422139,0.7292347014309203,0.5574997461789248,0.9234057560766992,0.31631894104602953,113.09594443565652,259979,4,97,yesterday all my troubles seemed so far away
track_0712,Song 712,Artist 71,rock,0.24015403996315676,0.24161734064673845,2,-9.748645174200334,1,0.27434418085258316,0.9656477836803977,0.8711190683146133,0.1678017673449551,0.012007804242459397,183.5358681175665,153721,3,52,sweet child of mine she's got eyes of the bluest skies
track_0713,Song 713,Artist 71,rock,0.6524789320764821,0.674139156431821,6,-40.890680165654565,1,0.19676251836887937,0.9694093683100512,0.5571593617110232,0.006828512274756227,0.36246568999904494,186.94343979928362,142385,4,74,yesterday all my troubles seemed so far away
track_0714,Song 714,Artist 71,classical,0.23843871367445213,0.18673987398489733,10,-14.751308497378758,1,0.055405647830932825,0.11305449208857843,0.5809764564401649,0.2375986010698461,0.2406516140141436,167.95524045276676,215366,3,84,sweet child of mine she's got eyes of the bluest skies
track_0715,Song 715,Artist 71,reggae,0.16884580815249084,0.4302416290940658,0,-13.824533543025254,0,0.34981930097119285,0.33197156595931077,0.8336034446110508,0.8406044040594585,0.05047133159091699,185.66591606885734,145145,5,98,stairway to heaven and she's buying a stairway to heaven
track_0716,Song 716,Artist 71,pop,0.9895787480702174,0.3251684024105562,3,-20.778866943454986,0,0.43824170944280383,0.9557202267343281,0.6140021244983787,0.0027512847711353983,0.9077587525697406,143.62521770267233,148973,4,44,we are the champions my friends
track_0717,Song 717,Artist 71,country,0.424161778226663,0.6607508914845552,5,-20.072885462823983,0,0.9769771384704616,0.8371997278381985,0.12487470409159085,0.5748395927244282,0.679305713319059,99.8986717342101,272374,4,18,nothing else matters nothing else matters
track_0718,Song 718,Artist 71,electronic,0.48247053928959815,0.3564039952361917,4,-26.816216923406422,1,0.6786672473266808,0.22168138730117337,0.6933609863242823,0.8766332645260144,0.3283870535197012,139.0353015179246,93590,3,3,bohemian rhapsody is this the real life
track_0719,Song 719,Artist 71,electronic,0.7964265312426141,0.2785871633501035,4,-35.911084855740896,1,0.046952729772049784,0.48475203079899154,0.19857326530938602,0.9974697658832028,0.31505714697749854,163.67408224679366,73959,5,25,bohemian rhapsody is this the real life
track_0720,Song 720,Artist 72,country,0.5658521232147042,0.45665099243723284,4,-47.28907191430278,1,0.0786353200978176,0.6644281690077671,0.1702226696947693,0.3319762264251127,0.7882552239017115,75.01228841543829,284968,3,41,yesterday all my troubles seemed so far away
track_0721,Song 721,Artist 72,electronic,0.33837412888702945,0.05149593644729489,1,-41.13783408887652,0,0.8570082919262626,0.6173456479136847,0.7422217696464875,0.4590356424745998,0.3114010124761949,93.66619829620308,110713,3,5,hotel california welcome to the hotel california
track_0722,Song 722,Artist 72,pop,0.21979005757928016,0.37431226902328496,9,-22.783944150429193,1,0.5236267825861148,0.14567696452204182,0.7275344756200219,0.22461414083211528,0.2629833451488027,197.0557560277221,216660,4,23,nothing else matters nothing else matters
track_0723,Song 723,Artist 72,hip-hop,0.23448311202609007,0.10311934068874262,10,-16.466062636373515,0,0.5448946871145403,0.10806178442164993,0.8838104696483778,0.8459044649111271,0.889182739557755,179.51346438978257,283142,3,66,nothing else matters nothing else matters
track_0724,Song 724,Artist 72,hip-hop,0.43714790811084525,0.7547768000230483,10,-38.232452765964325,0,0.026676315801275052,0.9484472280525934,0.0951208661425279,0.8893279807659947,0.7416360286033518,164.26107704432565,162785,4,20,love me tender love me true all my dreams fulfill
track_0725,Song 725,Artist 72,electronic,0.9588310547899691,0.07796924489676349,10,-50.63540187054217,1,0.11205320469538249,0.07040162268690642,0.9366244476428206,0.537718832082801,0.8917234438019611,139.162085655044,298701,5,78,imagine all the people living life in peace
track_0726,Song 726,Artist 72,classical,0.9347519531493029,0.18292173967499348,11,-20.61094721333763,0,0.8331694608058282,0.25928596465226106,0.2568640267979152,0.11150451684755858,0.20468636258265716,134.05398309316448,207152,3,86,smells like teen spirit with the lights out
track_0727,Song 727,Artist 72,hip-hop,0.329783274303435,0.6395961549422057,1,-9.792918028680745,0,0.13764766767869407,0.6420567865388305,0.09309557189437012,0.5311589976841674,0.26056128582507954,190.88743859343577,172357,3,1,bohemian rhapsody is this the real life
track_0728,Song 728,Artist 72,pop,0.9331435678280929,0.7392372085545456,5,-31.1075405966122,0,0.8526008063884344,0.8609501852302666,0.25710467695830097,0.6614770482404159,0.02445258754552615,166.0586647911514,269416,3,2,imagine all the people living life in peace
track_0729,Song 729,Artist 72,classical,0.962512323163194,0.29848280811071504,8,-47.86066321565494,0,0.30142875712726547,0.917580233127924,0.9864287448219595,0.5595546764180666,0.6771805081628238,187.65266215811016,275530,3,45,we are the champions my friends
track_0730,Song 730,Artist 73,jazz,0.6479178913482888,0.30590131240026763,3,-29.43277033797169,0,0.7544057827535985,0.4023542902896281,0.8692167514543323,0.6537277711581614,0.12813634080208203,194.56179974143805,286173,5,6,sweet child of mine she's got eyes of the bluest skies
track_0731,Song 731,Artist 73,hip-hop,0.2859952877390992,0.809252338167305,2,-21.65777257324796,0,0.6567886753242813,0.9367457663074004,0.3178027165173226,0.6798199354029351,0.8083113113886354,159.1826118409075,212526,4,91,hotel california welcome to the hotel california
track_0732,Song 732,Artist 73,pop,0.6652833196797202,0.5669338012397541,9,-43.02841132146539,0,0.6578514866746337,0.9593100011407939,0.7427170888954011,0.7667545527510273,0.5017717372823088,108.0862334871384,162050,5,9,bohemian rhapsody is this the real life
track_0733,Song 733,Artist 73,jazz,0.7787648645529498,0.6474161992186936,4,-8.468711356469086,1,0.7419254934257241,0.13214356769706304,0.04595824903254264,0.9702948829472936,0.3049964626056012,55.106981041627876,292230,3,10,stairway to heaven and she's buying a stairway to heaven
track_0734,Song 734,Artist 73,reggae,0.06695666816173507,0.048959017676414085,5,-27.968479721852823,1,0.9579409360423522,0.5846046591859568,0.9119467669670493,0.6156021253552749,0.29668088401515047,70.3032357723367,179674,3,92,sweet child of mine she's got eyes of the bluest skies
track_0735,Song 735,Artist 73,pop,0.19075150481218917,0.9614769895109805,11,-13.203900194521466,1,0.015588579811472103,0.1351783367892334,0.33779555779511494,0.4089302573307987,0.1581658021446738,152.60660108853023,151881,4,81,we are the champions my friends
track_0736,Song 736,Artist 73,classical,0.5127135221022403,0.08351264871339492,8,-34.68771758876886,0,0.28170723322780966,0.9087235041041865,0.09959346362008803,0.4833772753005495,0.22271394611777862,103.80380354660002,146784,5,56,yesterday all my troubles seemed so far away
track_0737,Song 737,Artist 73,country,0.19566595645913765,0.4580477158469185,11,-41.50163366240828,1,0.925583403115772,0.2696579980021041,0.47338131439392306,0.42160958548841765,0.2266935106675264,54.23283910175571,175566,3,68,sweet child of mine she's got eyes of the bluest skies
track_0738,Song 738,Artist 73,pop,0.6403913521570602,0.8668316732204522,1,-20.952715668483307,0,0.7015655245467538,0.5714197089310623,0.33954117743802037,0.5207100254046035,0.8833691181892589,183.3353405819163,157140,5,15,imagine all the people living life in peace
track_0739,Song 739,Artist 73,classical,0.6799658415435069,0.23076065678789937,7,-12.188825028315435,0,0.14117798249745117,0.5912398424025526,0.6051317451007459,0.18000217095866,0.9871040285339584,191.0885104050939,82305,5,52,bohemian rhapsody is this the real life
track_0740,Song 740,Artist 74,rock,0.37173320615780503,0.6056259368342981,0,-34.71420166068997,0,0.19992677673710457,0.5605911482572509,0.23271277876284324,0.3334308287139459,0.7489565041041096,75.71476921156696,238792,3,8,imagine all the people living life in peace
track_0741,Song 741,Artist 74,rock,0.44856273512286604,0.39382747933745477,8,-48.33151351346594,0,0.21269630313347831,0.053138220560953076,0.04929896509798326,0.8018361690109259,0.18020712947681672,132.02586964931083,169232,3,31,hotel california welcome to the hotel california
track_0742,Song 742,Artist 74,electronic,0.031915635037044754,0.14396861101495184,9,-15.079093390419551,1,0.7523558348867938,0.6707210069300868,0.8321502107622859,0.7615221081752618,0.5372934608885908,160.21787564934405,222490,4,87,we are the champions my friends
track_0743,Song 743,Artist 74,hip-hop,0.6464772308399618,0.2678522514400409,5,-56.176759317280045,0,0.10226801339715252,0.22873982740034438,0.20178418015963473,0.5665665304408912,0.24362870255720437,72.72319926982733,276088,3,35,nothing else matters nothing else matters
track_0744,Song 744,Artist 74,pop,0.6708096635151432,0.1339761174413725,8,-42.4897078526233,0,0.843601536846775,0.38931265272909454,0.17190865459691906,0.9107752836867051,0.9264890443880726,154.73718041518129,270534,5,18,yesterday all my troubles seemed so far away
track_0745,Song 745,Artist 74,reggae,0.8433626641147951,0.04997887029764547,3,-13.871296454701074,0,0.6989635827800889,0.28941901410504733,0.999636581361801,0.7391013142679353,0.15629683333223732,86.47286647667218,123115,5,63,love me tender love me true all my dreams fulfill
track_0746,Song 746,Artist 74,rock,0.9207891076117303,0.7874737440899984,7,-21.407017624218305,1,0.2755098446271963,0.3327791084363907,0.4448239320001981,0.7322254820772426,0.7970596151712444,144.45753164931335,176829,3,11,yesterday all my troubles seemed so far away
track_0747,Song 747,Artist 74,electronic,0.8665915540110694,0.053174026230046856,7,-15.908692807511535,0,0.6225520260863154,0.5784792300093996,0.9284279254590126,0.8459492164380908,0.17379795531904074,88.36638519383754,127781,3,92,hotel california welcome to the hotel california
track_0748,Song 748,Artist 74,country,0.8009738554771892,0.16582501452243847,0,-0.5367714752257271,0,0.5081861540888835,0.18614030849246477,0.4517526679242876,0.008681231879667295,0.7046334384634795,179.3089781389847,151210,4,96,bohemian rhapsody is this the real life
track_0749,Song 749,Artist 74,rock,0.7640380100881085,0.896953689099908,7,-28.147108668140838,0,0.2373711645236538,0.6559700225639765,0.9864129977186983,0.8246618064049367,0.8155942025765166,140.5255491341519,185767,4,76,we are the champions my friends
track_0750,Song 750,Artist 75,pop,0.32481873158763874,0.750821292192372,1,-12.255864143559542,1,0.7525836280737618,0.7150603077936679,0.5594839283361479,0.8756361386813478,0.5305815085160602,55.54165921735177,60132,5,39,yesterday all my troubles seemed so far away
track_0751,Song 751,Artist 75,classical,0.11938620940518219,0.9512812670417836,11,-5.339145846314096,0,0.685274127523909,0.8995042623053585,0.38646407750865797,0.8008199102744857,0.8991565205547545,191.43991880582305,225338,5,13,hotel california welcome to the hotel california
track_0752,Song 752,Artist 75,hip-hop,0.02456389980005902,0.40058562629573813,2,-24.79704955762147,0,0.2596682199425583,0.6333596196372878,0.5865166835685663,0.7398368124278251,0.221990268192217,168.4427118569385,188827,3,83,bohemian rhapsody is this the real life
track_0753,Song 753,Artist 75,country,0.9077109094785574,0.45526230725091554,6,-18.364937420189698,1,0.907934369247157,0.8826286901153838,0.21722435183728628,0.007546278147507635,0.06704795209638437,57.448787605224574,157776,5,86,hotel california welcome to the hotel california
track_0754,Song 754,Artist 75,reggae,0.08894378390393565,0.10462466944852844,10,-17.056696186644864,0,0.4391396251992451,0.9838016956088345,0.9144719746539652,0.7363585888245313,0.09242115824090158,89.42127604116911,168963,5,46,yesterday all my troubles seemed so far away
track_0755,Song 755,Artist 75,classical,0.20169087991555223,0.06580922092601305,9,-49.27744985424599,0,0.43702900407166445,0.12039407130585966,0.9017563763537128,0.8859961526036179,0.20824681427294434,59.60781153832544,79121,5,31,hotel california welcome to the hotel california
track_0756,Song 756,Artist 75,jazz,0.03730018343643893,0.7941615465561581,10,-42.641182519051355,1,0.20983704569931494,0.5510251312998218,0.15779287830233446,0.9970388376941121,0.8837181041557327,55.51123486478897,261241,5,33,bohemian rhapsody is this the real life
track_0757,Song 757,Artist 75,hip-hop,0.8040982477848329,0.5445365354168784,11,-27.946304137346523,0,0.5010485830272023,0.08994138447841316,0.9761709648252659,0.48604690239005166,0.7913850930095415,109.86252272472639,171156,3,87,hotel california welcome to the hotel california
track_0758,Song 758,Artist 75,electronic,0.9982428550249534,0.20080990213959904,10,-15.726342885638104,1,0.03255846156783693,0.07998398343177104,0.7983134204331203,0.6766636741059148,0.8835176924399353,150.62954499607577,171416,4,23,love me tender love me true all my dreams fulfill
track_0759,Song 759,Artist 75,jazz,0.9927482195387514,0.28157672464396155,0,-42.56513427945154,1,0.7441462306483829,0.8515012612309057,0.8642934140510579,0.4748526915435314,0.8009745127446014,102.5239300575191,73406,5,76,yesterday all my troubles seemed so far away
track_0760,Song 760,Artist 76,rock,0.44909581699867374,0.8215312125945864,7,-2.387579950231242,0,0.9441762921237103,0.1605219800778377,0.2784949841580092,0.4429781539326292,0.10349440594793091,64.7002840140984,236103,3,56,nothing else matters nothing else matters
track_0761,Song 761,Artist 76,electronic,0.2817841801540911,0.09835292443230537,4,-18.942416633952973,0,0.8625978141054407,0.008978852451634767,0.009454720257560556,0.6281682658262382,0.19478522509128426,133.98781843420244,158860,5,91,yesterday all my troubles seemed so far away
track_0762,Song 762,Artist 76,country,0.9832237337711819,0.2165912067850616,4,-27.509569853507486,0,0.014017788767193617,0.00886663673947452,0.4304603366655594,0.9573851969988135,0.4155115878317006,87.88025923405105,82202,3,53,nothing else matters nothing else matters
track_0763,Song 763,Artist 76,jazz,0.7576326892176873,0.8558471003861629,4,-3.470593345450027,0,0.8839988048945585,0.9655633718528438,0.23478702904015392,0.006242646356940718,0.905958788020352,181.32099252314183,230377,5,43,we are the champions my friends
track_0764,Song 764,Artist 76,pop,0.4000245039266025,0.994090535961148,2,-51.01828144821192,1,0.4034595579384721,0.07003788955913903,0.4138468739266571,0.5120344415061977,0.5216891775329143,185.8090788981991,139489,5,44,we are the champions my friends
track_0765,Song 765,Artist 76,rock,0.9296820312223266,0.6667532863688255,3,-6.506820818165963,0,0.9419690289449932,0.9729203521346573,0.4857534549628537,0.025385104615945675,0.7150927785826122,106.36423127691583,60249,3,69,sweet child of mine she's got eyes of the bluest skies
track_0766,Song 766,Artist 76,jazz,0.30084591905951674,0.3967167352295804,2,-55.915424093488944,1,0.5043848781227747,0.45670545765464043,0.5204247043854173,0.6497054757128488,0.7937671142318663,161.23560933276596,107310,5,64,hotel california welcome to the hotel california
track_0767,Song 767,Artist 76,reggae,0.6294404291681766,0.6331563869338601,5,-57.25592062492802,0,0.9142976361387706,0.658188072091322,0.010895109635928102,0.4360158486227853,0.24031805884956203,189.43335553845736,229782,5,97,nothing else matters nothing else matters
track_0768,Song 768,Artist 76,country,0.9256301317341132,0.3419199406779193,0,-28.520469040659997,1,0.6316475740179978,0.42736906896162774,0.21363240283525864,0.4109792295880943,0.1310477248435623,56.80505653840687,298293,4,2,yesterday all my troubles seemed so far away
track_0769,Song 769,Artist 76,jazz,0.7733153266576926,0.6475496535818224,10,-23.547235685880963,0,0.5832547904455428,0.33366112417596683,0.2941598575559021,0.08901307354719523,0.2778942688460496,160.5332488261543,137079,5,55,yesterday all my troubles seemed so far away
track_0770,Song 770,Artist 77,pop,0.24725699181459448,0.6268361643314238,2,-53.74654721632629,1,0.32380058355220487,0.18070997393696486,0.6678151272165551,0.653605744628174,0.4111599423343816,183.74581504748224,166856,3,76,sweet child of mine she's got eyes of the bluest skies
track_0771,Song 771,Artist 77,classical,0.60040140676727,0.8917376514220969,2,-50.68565057916001,1,0.8568378214242383,0.7198604945230159,0.2316615451570352,0.9067203553156613,0.42604658748213275,97.30832198596022,89109,4,49,stairway to heaven and she's buying a stairway to heaven
track_0772,Song 772,Artist 77,classical,0.43036131833073055,0.5875998290687319,6,-40.07126677960741,1,0.3695363444350296,0.7581999834600773,0.17988005890063874,0.5057122147409644,0.17205314065747368,122.60369025365668,197969,4,57,bohemian rhapsody is this the real life
track_0773,Song 773,Artist 77,reggae,0.07340318001446355,0.03146175299663212,11,-3.332871792890195,1,0.4983784770414582,0.0848584083144519,0.8541593182204106,0.1093380469907832,0.9680259709845394,184.68316097496822,178344,4,49,imagine all the people living life in peace
track_0774,Song 774,Artist 77,pop,0.5757010044395112,0.6062780451821389,4,-38.78021571596526,0,0.8828784787506349,0.5668055136875808,0.08230050326672345,0.6683131735861677,0.8285719003137568,105.36082186901257,258196,5,14,we are the champions my friends
track_0775,Song 775,Artist 77,country,0.26624947999188975,0.24647137092419413,11,-22.838458131616804,1,0.07712893742267468,0.09229195300639037,0.162521525970307,0.13625826717728629,0.15593304511529027,188.7985381215977,142585,3,11,bohemian rhapsody is this the real life
track_0776,Song 776,Artist 77,country,0.037010533477655705,0.20238556512299555,2,-30.706289298902917,0,0.48379128038692965,0.7116471005855678,0.754127869383342,0.542254800831379,0.6093501177740649,87.40754155321626,121085,3,89,bohemian rhapsody is this the real life
track_0777,Song 777,Artist 77,country,0.8051367753759388,0.25244815126058784,2,-52.34466808616058,1,0.2664465650286173,0.5731027479510047,0.06647120784665006,0.18039727115518978,0.648194941109535,108.56577837677287,284946,4,45,hotel california welcome to the hotel california
track_0778,Song 778,Artist 77,pop,0.45869806311626937,0.03105913892562484,2,-51.97306019588046,0,0.08974652510350767,0.917044517324706,0.5455807762183182,0.03749142477267642,0.23229537363767738,113.28288391230035,158761,3,6,smells like teen spirit with the lights out
track_0779,Song 779,Artist 77,hip-hop,0.3659123242341611,0.6280428353343398,9,-30.95047192285016,0,0.8888092513247315,0.5198026015511893,0.5356321304437822,0.6855131009797031,0.2732079026228933,194.22385219885288,292921,3,27,yesterday all my troubles seemed so far away
track_0780,Song 780,Artist 78,country,0.34380985877848746,0.8142328297454619,6,-46.80343473776001,1,0.10498676734874313,0.33277662894723115,0.653934044286369,0.06676627299676119,0.2578427452287184,147.3521154969768,295678,5,67,yesterday all my troubles seemed so far away
track_0781,Song 781,Artist 78,classical,0.2679100948109019,0.8660070236300462,4,-54.39692029743669,1,0.2445247281913867,0.8279804194469569,0.7833567676308374,0.3077429459332398,0.9499185320095708,118.90490217501822,161923,5,2,stairway to heaven and she's buying a stairway to heaven
track_0782,Song 782,Artist 78,reggae,0.19822545190436458,0.5096829861128798,3,-46.078329148774415,0,0.15251421827377454,0.9805984124072642,0.5210081221387884,0.4811399369959042,0.761123501807108,143.3690604728477,246176,5,23,yesterday all my troubles seemed so far away
track_0783,Song 783,Artist 78,pop,0.8080184443297362,0.539906674923237,10,-35.09924745126584,1,0.3710531511617051,0.6333967600777561,0.37229125788245454,0.13325099250151473,0.010253991080494074,161.96157723021085,291791,3,53,we are the champions my friends
track_0784,Song 784,Artist 78,classical,0.048357730099048424,0.1844509976064862,11,-17.054011194110053,1,0.06722287777298586,0.39563434805491926,0.2744594543270217,0.7634496474077189,0.1598485508842281,188.4399068608295,264636,4,98,sweet child of mine she's got eyes of the bluest skies
track_0785,Song 785,Artist 78,rock,0.1023296783875377,0.5975215275101725,2,-55.31366362327111,0,0.7770418164347426,0.7894543996617489,0.5495778554345806,0.46830523373509014,0.06860890835585887,72.01607778921098,87774,4,1,yesterday all my troubles seemed so far away
track_0786,Song 786,Artist 78,pop,0.03088003871281564,0.7317443451901495,10,-55.14643593011581,1,0.5791344198355135,0.7866272062246825,0.21961905840305396,0.3058624986602225,0.04569866836886516,84.9201164932137,237528,5,92,sweet child of mine she's got eyes of the bluest skies
track_0787,Song 787,Artist 78,jazz,0.17424559596607703,0.05286318190195538,10,-33.27002104059557,1,0.7991213393133492,0.46531969943319484,0.8357597502651872,0.4159107145968699,0.46676641898505455,175.43972743838606,242124,3,48,nothing else matters nothing else matters
track_0788,Song 788,Artist 78,pop,0.15966164896223922,0.5920198090170666,11,-41.19940568213924,0,0.30153849564554747,0.1547707523060613,0.47718612906387725,0.33725220810006695,0.8525291148101797,164.74719201830484,65956,3,29,we are the champions my friends
track_0789,Song 789,Artist 78,jazz,0.37651951973048237,0.5045559731588221,11,-57.34610805439615,0,0.6895911136355053,0.17994939791039277,0.6988504338367336,0.03237290792405889,0.37970150842589034,71.26878409215266,257610,4,80,imagine all the people living life in peace
track_0790,Song 790,Artist 79,rock,0.3124675467992162,0.9991699311106684,4,-22.42694957331034,0,0.3408131566019251,0.28067227819272567,0.9694973556538438,0.811041298429306,0.32229357020422333,85.87900898699034,158101,5,7,love me tender love me true all my dreams fulfill
track_0791,Song 791,Artist 79,electronic,0.861953524061857,0.3666039107794786,4,-9.849825093128537,1,0.5577620321973973,0.3035758459041509,0.3391353525956854,0.44859131914536843,0.2320737110706449,134.23385456363152,74757,3,12,stairway to heaven and she's buying a stairway to heaven
track_0792,Song 792,Artist 79,rock,0.5430747024755882,0.9454023792579072,6,-48.51227189882606,0,0.8544564665560498,0.3560174333766828,0.9957505181878641,0.7227266376111976,0.6043303806522796,64.25147643463976,285679,3,7,bohemian rhapsody is this the real life
track_0793,Song 793,Artist 79,electronic,0.23197452805424512,0.5491743475664771,6,-58.403958237262856,0,0.1403103844736049,0.07308069345754897,0.7161115106905226,0.46117460970612634,0.779892725025049,148.97688812452373,192257,5,66,smells like teen spirit with the lights out
track_0794,Song 794,Artist 79,electronic,0.9647492630910235,0.37441173538160066,4,-52.19778597589373,1,0.10895550660725617,0.22467318137586711,0.9656412481660116,0.21959936261346957,0.9372721708340238,164.01615871667985,133021,3,29,sweet child of mine she's got eyes of the bluest skies
track_0795,Song 795,Artist 79,hip-hop,0.5632845578865459,0.6795105339583023,7,-48.13417654719297,0,0.27497466551726946,0.47584991794876197,0.04763454417107282,0.2843582767709869,0.4196819143402667,156.3084218025456,282520,3,45,sweet child of mine she's got eyes of the bluest skies
track_0796,Song 796,Artist 79,reggae,0.86264159562616,0.2181857685359746,4,-57.29575386594693,1,0.9117486944278033,0.7763672648663205,0.45891448882801067,0.8126145625561825,0.3210092094362925,82.87394935366335,218535,5,94,we are the champions my friends
track_0797,Song 797,Artist 79,country,0.2867797016170852,0.46741841821075336,1,-12.988320456268546,1,0.6589429399283465,0.7915373529336596,0.9506327796029277,0.8794873669468375,0.7088697405557619,92.1877149538696,214256,5,88,hotel california welcome to the hotel california
track_0798,Song 798,Artist 79,country,0.09797028146481956,0.6408540774163881,6,-10.933178097373087,0,0.49334691135259257,0.7502151013548939,0.2299374541589959,0.5458163952215209,0.6226253252970095,171.1423824642422,229016,4,42,stairway to heaven and she's buying a stairway to heaven
track_0799,Song 799,Artist 79,country,0.5520377962451153,0.5777485759726759,10,-58.85083647673849,1,0.6297304700987012,0.6589778335816109,0.7079529430820665,0.10517627094426063,0.7627242923804737,154.20199628953068,81758,4,2,we are the champions my friends
track_0800,Song 800,Artist 80,country,0.597055849824576,0.9480943081400264,2,-19.472755351233175,1,0.00330247763398539,0.1312901998426057,0.35607893210271857,0.18401387228530808,0.46666276267768847,120.76370502449339,237870,5,54,stairway to heaven and she's buying a stairway to heaven
track_0801,Song 801,Artist 80,classical,0.15911863605792198,0.9880203978678063,3,-17.98417169603656,1,0.46270518289871465,0.5822632214921688,0.9790691310406596,0.27146189028623524,0.23929754402849235,89.48429361683887,61156,3,6,imagine all the people living life in peace
track_0802,Song 802,Artist 80,classical,0.2698397037964799,0.15975992397584016,2,-29.62007161904712,0,0.773046467584277,0.040731997421413535,0.5562999067421606,0.9842928167367316,0.27267636868479705,134.06745782796963,135062,3,56,yesterday all my troubles seemed so far away
track_0803,Song 803,Artist 80,country,0.4079310749080366,0.247126802629681,10,-32.141026540573876,1,0.3128796638174389,0.8266188830731568,0.042258961394079364,0.07877099328561588,0.4965439575089128,152.7724614308491,131380,3,3,smells like teen spirit with the lights out
track_0804,Song 804,Artist 80,reggae,0.5826720213837336,0.2779870374347597,9,-51.154942278380986,0,0.08642980518077448,0.5645224142572896,0.787234330670629,0.7835056664232628,0.9312093653383017,113.10135981458596,138631,3,92,we are the champions my friends
track_0805,Song 805,Artist 80,electronic,0.500053442389746,0.8437106569869826,0,-36.366491714474904,1,0.647727787954482,0.4532894754192721,0.2885022292791205,0.46869173395521724,0.8784818570687215,145.2895848136634,234269,3,29,we are the champions my friends
track_0806,Song 806,Artist 80,hip-hop,0.10945995778008855,0.9614231335144086,1,-7.225631454835813,1,0.2137561228891437,0.6016860037771334,0.18962595320637654,0.9946460597865145,0.4899895171054328,83.1634208349065,274762,4,91,bohemian rhapsody is this the real life
track_0807,Song 807,Artist 80,jazz,0.5797682849227351,0.2867292058713842,4,-39.57063163159247,1,0.344740117026781,0.7682575187435241,0.014689055965694031,0.6773646035123115,0.7918160041281768,76.89136229334535,298924,5,5,love me tender love me true all my dreams fulfill
track_0808,Song 808,Artist 80,rock,0.8158982441252344,0.9226409595302576,4,-22.8874547532661,0,0.6888333257611726,0.35318389581610976,0.8596383235637923,0.742853543735475,0.7978664404496467,164.1724093647355,277261,5,11,imagine all the people living life in peace
track_0809,Song 809,Artist 80,reggae,0.6794071031367057,0.8510896829896285,5,-40.2657625748262,0,0.40012928030408146,0.480512300639064,0.32589213302141895,0.9115442380227141,0.6387131437986856,187.78519192882675,144445,5,1,hotel california welcome to the hotel california
track_0810,Song 810,Artist 81,electronic,0.3879572038858049,0.578870247216085,3,-26.416431395214538,1,0.06800792725508076,0.2943096906649981,0.43856114340186725,0.6511129922338014,0.26662245834353626,53.21552738956268,103058,3,58,yesterday all my troubles seemed so far away
track_0811,Song 811,Artist 81,rock,0.3615424281301024,0.292574473997562,0,-38.65381684518539,1,0.1087852009397523,0.7426494498996523,0.5731277576447997,0.134660981582305,0.24306569645301102,94.18099412491695,236542,4,71,nothing else matters nothing else matters
track_0812,Song 812,Artist 81,electronic,0.14451138540594766,0.4129172426724068,3,-14.57396562359375,0,0.2968799253999097,0.04591052330777434,0.33389708318378364,0.5458958800990082,0.8164293389226418,171.84447281564547,226891,5,6,sweet child of mine she's got eyes of the bluest skies
track_0813,Song 813,Artist 81,hip-hop,0.41776046387151755,0.4563621860559409,5,-54.18340758657248,0,0.01233817587129793,0.034334078171096905,0.2765334022332724,0.4496717079621154,0.7155984042954339,89.81934938911976,69075,3,70,love me tender love me true all my dreams fulfill
track_0814,Song 814,Artist 81,rock,0.3488559421836174,0.7961301321066644,7,-9.715979482761782,1,0.8626926660377497,0.8151061634614352,0.9496499419080873,0.8302104999465327,0.4271295244169687,181.28677120427153,144033,5,86,smells like teen spirit with the lights out
track_0815,Song 815,Artist 81,reggae,0.7356720418394007,0.6051169377183315,11,-7.62357120780387,1,0.7471420956940633,0.36872590036308295,0.9059578299496021,0.061506184304747746,0.42731064716073197,162.94384725057438,77397,3,41,we are the champions my friends
track_0816,Song 816,Artist 81,jazz,0.4416154460311418,0.28891806243910645,2,-58.74360746771854,1,0.44213671870769256,0.8615196411735926,0.6358192547536495,0.2866084311019823,0.15217153456276233,51.520061698243616,180180,5,58,stairway to heaven and she's buying a stairway to heaven
track_0817,Song 817,Artist 81,country,0.2805031747117077,0.3650116139443471,9,-24.57322145591082,1,0.6722775573064247,0.12673279672751459,0.2252248736596273,0.5542720965291813,0.704785653005631,141.82100513853828,223017,3,70,nothing else matters nothing else matters
track_0818,Song 818,Artist 81,rock,0.6074915465881703,0.3011679696671973,2,-21.95235662989829,1,0.6781294886633443,0.8339136826414473,0.35179644540250987,0.6735926259502039,0.10738782684851444,191.612753976951,104130,3,0,yesterday all my troubles seemed so far away
track_0819,Song 819,Artist 81,pop,0.5508050898040696,0.2848184414680456,11,-11.32712384177465,1,0.8885506224121468,0.8991554975658007,0.8312656548524233,0.732965370474794,0.9745796008328246,193.06639018445335,243123,3,45,we are the champions my friends
track_0820,Song 820,Artist 82,country,0.9702981679471151,0.3029077897757485,3,-2.0698184355630005,1,0.9661039947424339,0.4865868369145735,0.6964925383723157,0.7553359815687609,0.5508759378730835,101.18896808631939,104334,4,26,hotel california welcome to the hotel california
track_0821,Song 821,Artist 82,hip-hop,0.7125598972183621,0.6929356494780676,2,-44.84504713658591,1,0.9793489598697979,0.7438843937706084,0.2134510483029627,0.17666527680182686,0.2504948421086034,168.4788704381925,257322,3,2,hotel california welcome to the hotel california
track_0822,Song 822,Artist 82,pop,0.8732273082545494,0.546415916018384,1,-58.342097500121795,0,0.3072790180022241,0.21138720332820649,0.6536393991299693,0.9638834163759944,0.5483666574833288,84.15440758147616,88279,4,54,smells like teen spirit with the lights out
track_0823,Song 823,Artist 82,reggae,0.10908657401481547,0.7193585325662761,10,-3.4755583966858623,0,0.6833475935548242,0.2244593136747458,0.2616329361563152,0.17055582317787,0.9357324490955614,94.043842372399,248955,5,65,stairway to heaven and she's buying a stairway to heaven
track_0824,Song 824,Artist 82,hip-hop,0.4355216930440632,0.9694117825174259,9,-22.597207319821678,1,0.9164730072175162,0.21814197850354144,0.601008168867062,0.4288424489528022,0.7712548804628505,194.2529250764114,268741,4,91,smells like teen spirit with the lights out
track_0825,Song 825,Artist 82,reggae,0.45458881680032326,0.9807606551547219,2,-4.338554505884552,0,0.2832492882958604,0.17296925062661617,0.37573672103986533,0.7082900804765953,0.9976784112561075,166.587550032975,150122,3,65,nothing else matters nothing else matters
track_0826,Song 826,Artist 82,pop,0.5562086489281344,0.4456758600306747,11,-14.68292900200639,0,0.22123928463788722,0.8585981867152734,0.9169652608820154,0.3002513330908656,0.1787504120441754,170.2805568602994,98170,4,97,stairway to heaven and she's buying a stairway to heaven
track_0827,Song 827,Artist 82,classical,0.07024140453659855,0.9686060875771305,3,-18.197775460492842,1,0.37774393750363955,0.9584746805476713,0.2939482879798271,0.3621555763830927,0.3987583477938812,101.30189765463294,152124,5,83,nothing else matters nothing else matters
track_0828,Song 828,Artist 82,jazz,0.816478341373615,0.9651761919499747,9,-20.29946192713856,0,0.37534699649032,0.7643988936925489,0.513531364698564,0.4569074975170737,0.3178918005465281,169.4727437655161,212648,4,92,yesterday all my troubles seemed so far away
track_0829,Song 829,Artist 82,country,0.47294380417470683,0.8851293836052762,7,-19.698910204572833,1,0.029896748449494304,0.9785295452366786,0.21901782415281934,0.1082111246510511,0.8406403698408849,132.7685323052632,296205,4,91,hotel california welcome to the hotel california
track_0830,Song 830,Artist 83,pop,0.008133066347027484,0.23177236332955653,4,-47.43430761942393,0,0.24939966720012174,0.8411967382191678,0.5115482924800867,0.751423809299283,0.6410207441666326,101.28841455810226,88418,5,71,we are the champions my friends
track_0831,Song 831,Artist 83,reggae,0.6542508566205801,0.045766992184236854,11,-4.17962142227492,0,0.9484934193323817,0.7337390799797406,0.1991020441840673,0.7642411419383799,0.6225801960228589,90.56617398796288,276828,5,22,nothing else matters nothing else matters
track_0832,Song 832,Artist 83,classical,0.2513966946428169,0.3668641943456621,2,-33.04487774614442,0,0.5111159842939482,0.07856348334685259,0.8166544590112284,0.8083474656495316,0.02649682329269132,199.65636843324066,68050,5,87,yesterday all my troubles seemed so far away
track_0833,Song 833,Artist 83,country,0.12424492302716339,0.6782361342918021,10,-19.058999289847392,1,0.2963975957174626,0.39662868317180044,0.30481077354393693,0.9466231460089903,0.7258669372042249,181.6062428230685,79066,5,21,imagine all the people living life in peace
track_0834,Song 834,Artist 83,hip-hop,0.7508067576194154,0.8935949224678086,5,-21.02918353328971,0,0.7143487588237654,0.4932517639865779,0.8874440191677612,0.7303253203891755,0.8091984885438578,127.2594788161258,236490,5,72,yesterday all my troubles seemed so far away
track_0835,Song 835,Artist 83,electronic,0.31223372014401607,0.6825490588434159,6,-0.5924903694172912,1,0.24929522974440577,0.643881853456425,0.6248594815780815,0.5340031763888108,0.9139754621961215,174.8885712297551,283980,3,5,sweet child of mine she's got eyes of the bluest skies
track_0836,Song 836,Artist 83,jazz,0.4333632415515565,0.11228228423802389,0,-47.196781984877774,0,0.9199149755726832,0.06602959706774492,0.9087502483762551,0.6257881986242302,0.6266467138934401,55.77768764258312,146217,5,60,love me tender love me true all my dreams fulfill
track_0837,Song 837,Artist 83,pop,0.6317121780293767,0.3327940786346032,10,-36.54428518487639,0,0.2465055651477991,0.09856331860788148,0.48273913078000763,0.9465669691870752,0.4085942947093858,130.5530032896532,93113,3,61,smells like teen spirit with the lights out
track_0838,Song 838,Artist 83,rock,0.6582229995057053,0.13169928718937995,4,-57.13196972964075,0,0.9966304389851891,0.8988655741651059,0.41005828191606497,0.06278341499277829,0.7149081156704822,60.96199376896678,149710,4,69,love me tender love me true all my dreams fulfill
track_0839,Song 839,Artist 83,electronic,0.4475659097693395,0.5581579704093885,7,-46.01815362143758,0,0.7129575767840178,0.7244168165798894,0.11754144435655645,0.7186254285813585,0.887290803928097,70.56868231273309,177601,5,4,stairway to heaven and she's buying a stairway to heaven
track_0840,Song 840,Artist 84,reggae,0.5505141558209659,0.33549471589180413,10,-52.94763294694178,1,0.5303060955226789,0.38438171003137034,0.8150825672063322,0.968083036624139,0.7868286269188983,95.78211133427021,164232,5,87,we are the champions my friends
track_0841,Song 841,Artist 84,reggae,0.773169747541841,0.8696482222826021,7,-25.926821620744853,0,0.206835022152701,0.8286070426397333,0.850125711058255,0.5659072254814563,0.19034286431907432,85.59469124437348,230419,4,93,bohemian rhapsody is this the real life
track_0842,Song 842,Artist 84,country,0.7448787927479591,0.6860110026643206,6,-8.965887569513725,0,0.6992017030118507,0.2454444838522286,0.27146006035460823,0.17095354204971547,0.3027039082898776,68.71241247985745,147645,3,78,stairway to heaven and she's buying a stairway to heaven
track_0843,Song 843,Artist 84,reggae,0.5264374931757855,0.27721860656571884,10,-12.579753335323929,1,0.0437675822772019,0.7051722052176667,0.2099970962865071,0.4319827825567306,0.7021446889673505,170.90583434366968,169455,4,16,stairway to heaven and she's buying a stairway to heaven
track_0844,Song 844,Artist 84,rock,0.6351934543586485,0.2624330116742002,4,-24.980619661559153,1,0.3249689608283961,0.27694878929520983,0.6688186928250955,0.6892349121647783,0.43269913561441165,127.20598139588719,84762,4,79,love me tender love me true all my dreams fulfill
track_0845,Song 845,Artist 84,pop,0.485341887387128,0.623710946492842,10,-43.544124307380045,0,0.9255451350007473,0.9966774795257294,0.81447083528229,0.24209596689829815,0.9868108689356355,140.7942562824482,82419,5,47,imagine all the people living life in peace
track_0846,Song 846,Artist 84,hip-hop,0.6834658254196141,0.6065919808775974,6,-1.8789254128082788,1,0.009638588697602257,0.8925907792356237,0.173513840603164,0.541617940247056,0.9430765424673833,58.713402849781225,285702,4,18,nothing else matters nothing else matters
track_0847,Song 847,Artist 84,electronic,0.8398770707104495,0.8469100203757954,4,-12.296459260606106,1,0.15874214454965696,0.9803608692106479,0.23776370666457003,0.680215643220213,0.6269323303011477,148.3000360824683,261409,3,44,sweet child of mine she's got eyes of the bluest skies
track_0848,Song 848,Artist 84,electronic,0.372389183047961,0.598300879629893,0,-11.019183014211364,1,0.46602966062032314,0.7618948333156054,0.6489204269560738,0.9805780675748492,0.4157256507458341,96.66166250361692,168942,5,33,nothing else matters nothing else matters
track_0849,Song 849,Artist 84,jazz,0.9526466718132517,0.4568088495160795,6,-54.25813428379434,1,0.2675375884505288,0.9789811989134664,0.6523079031813274,0.4890015246711117,0.962496445752152,89.75880373507519,74566,4,95,stairway to heaven and she's buying a stairway to heaven
track_0850,Song 850,Artist 85,country,0.02419974924179802,0.5368895545559494,7,-22.935500943364737,0,0.921172946748345,0.9339269139582071,0.9897140083275835,0.3005663384386047,0.07801606830967367,111.64298261563775,118308,4,93,hotel california welcome to the hotel california
track_0851,Song 851,Artist 85,electronic,0.21604506181729022,0.30277557029790714,1,-4.960559043533749,1,0.8213101610520688,0.5163023441731518,0.2624883518639959,0.7891029681485938,0.1368966865502128,137.82561986494858,181367,4,37,hotel california welcome to the hotel california
track_0852,Song 852,Artist 85,pop,0.339169848119501,0.7935187221791883,3,-55.3584112093885,1,0.4447563552868472,0.9197877865660851,0.6490368306537178,0.49254507192077157,0.5913768604890471,97.02253795846073,258836,4,33,imagine all the people living life in peace
track_0853,Song 853,Artist 85,pop,0.6503120957439111,0.9409694346063368,9,-48.63964873937461,0,0.0924142660607069,0.551028646930074,0.813684877310148,0.3370958692242061,0.4822808235325755,79.27026908536337,225637,5,26,hotel california welcome to the hotel california
track_0854,Song 854,Artist 85,hip-hop,0.9025698441304612,0.3991694811589005,5,-1.8007795526017887,1,0.6458680487258595,0.31168136590295425,0.6220562429318904,0.3129849295803204,0.595633209472791,94.84495569092009,166227,5,73,nothing else matters nothing else matters
track_0855,Song 855,Artist 85,pop,0.7258459049242204,0.8966132290555335,7,-5.124635587970772,1,0.610733945250567,0.6101824795470854,0.6869740188099822,0.060599755717922976,0.6467649493785357,51.73966120407572,96337,3,18,we are the champions my friends
track_0856,Song 856,Artist 85,classical,0.5966272815474944,0.45079935901402857,6,-8.501342283662389,0,0.15812267247219147,0.005470481653707671,0.604775081905359,0.4992883440094349,0.29948287533709894,159.6729503452791,291890,4,36,sweet child of mine she's got eyes of the bluest skies
track_0857,Song 857,Artist 85,rock,0.24718516029034887,0.9821376550806917,2,-58.49994677426635,1,0.9505353509309719,0.02804899408948547,0.11036930113960286,0.08927911224913787,0.49529868699961277,173.59116848284432,136637,5,81,sweet child of mine she's got eyes of the bluest skies
track_0858,Song 858,Artist 85,pop,0.6944815941257099,0.33599742133433486,3,-35.1215378354586,1,0.5060611864020734,0.364470737493348,0.45018404965983616,0.4405144059802939,0.3528162881183563,162.7617132804279,199399,3,41,imagine all the people living life in peace
track_0859,Song 859,Artist 85,country,0.05590196590272589,0.06603635954512466,7,-47.1585090971012,1,0.4518197745585659,0.11456018147348734,0.9560018032546203,0.8778770956877877,0.9800102060999902,137.6692405490117,133991,3,2,bohemian rhapsody is this the real life
track_0860,Song 860,Artist 86,country,0.17469362100051322,0.6697082696223654,5,-25.319396836017383,1,0.1857881855143726,0.8115337915863237,0.07293913905951965,0.1596621513981784,0.6511350274154543,57.08976867065049,140205,5,23,imagine all the people living life in peace
track_0861,Song 861,Artist 86,pop,0.7051873499968201,0.5330811265611071,10,-32.42530969809937,1,0.40788393273535994,0.9333140217359019,0.32906532600856786,0.5055711203009563,0.34944128343946823,58.27477240337299,62698,5,58,smells like teen spirit with the lights out
track_0862,Song 862,Artist 86,hip-hop,0.5392190107693993,0.667102567879214,2,-43.30860406739677,0,0.38920078545808334,0.7612230680865084,0.8595781627144947,0.3949688513752113,0.253717108948192,137.31597952141036,93942,4,30,nothing else matters nothing else matters
track_0863,Song 863,Artist 86,pop,0.38953721880562153,0.1416907906949375,7,-13.718996124496236,0,0.746495188877929,0.6255087603899573,0.996531156690111,0.2857095198965086,0.5456602983696985,194.4596110474186,204784,4,41,bohemian rhapsody is this the real life
track_0864,Song 864,Artist 86,hip-hop,0.29376232744277087,0.18498142586742472,0,-4.513412307455596,1,0.20426130355795946,0.8251069521110018,0.0899689646044951,0.35779873873457824,0.3791352094476269,147.1929686999746,214601,3,3,hotel california welcome to the hotel california
track_0865,Song 865,Artist 86,country,0.7799446010519581,0.9339528457708298,3,-52.32725401797529,1,0.39398423408072014,0.5794086560017122,0.5891065563557398,0.7535464455840746,0.3825261680394987,80.28217948345488,209655,4,44,bohemian rhapsody is this the real life
track_0866,Song 866,Artist 86,country,0.6279370190128704,0.6749374553619012,3,-4.16437425042097,1,0.42681483798007,0.2575322577077389,0.8365382763694534,0.7165268698602387,0.22798401321704465,197.08745871607076,274689,4,35,love me tender love me true all my dreams fulfill
track_0867,Song 867,Artist 86,rock,0.12969539704437438,0.7543512843881983,3,-22.046673767395703,0,0.5988703236585614,0.16277172666249573,0.0406116175031328,0.654882452906289,0.3466866648565362,72.15367717321068,116669,4,71,nothing else matters nothing else matters
track_0868,Song 868,Artist 86,classical,0.7100712649209203,0.6645694897288488,7,-27.27815576469557,1,0.021928878315485067,0.9317186203605836,0.26263462699070717,0.9345257616796575,0.8695672159263899,115.65470832663837,294691,5,5,sweet child of mine she's got eyes of the bluest skies
track_0869,Song 869,Artist 86,jazz,0.30281927409379883,0.6369272532352728,4,-7.404651683087451,0,0.850969574277474,0.12238526573491526,0.36260441035492774,0.3479441046639634,0.15795509134270957,191.85256083358803,264244,5,80,love me tender love me true all my dreams fulfill
track_0870,Song 870,Artist 87,hip-hop,0.6265832142732695,0.3875750641918351,3,-20.23757349474338,0,0.01357716486332261,0.23400683344752538,0.2935769630129872,0.3184281977535046,0.7808287706610706,90.22439129377429,180174,5,64,we are the champions my friends
track_0871,Song 871,Artist 87,pop,0.2709664760920959,0.8544741095666372,9,-32.81592860376546,0,0.2788504588779478,0.8976694593203021,0.7619640274843202,0.898170549301221,0.61680838172981,111.89607495864438,79042,3,23,hotel california welcome to the hotel california
track_0872,Song 872,Artist 87,jazz,0.9773078737927787,0.3338742875040236,5,-23.700604684513117,1,0.19379164325686626,0.34094074388177864,0.042434190832821406,0.7504013924434058,0.3031524713050504,139.6286165360401,281692,3,42,hotel california welcome to the hotel california
track_0873,Song 873,Artist 87,hip-hop,0.038009048436423165,0.5899464291279083,1,-45.30664110398118,0,0.9671343915576853,0.9853472967507533,0.5714976789377135,0.6029031683429892,0.2545709177448021,72.70593105969067,187187,5,59,sweet child of mine she's got eyes of the bluest skies
track_0874,Song 874,Artist 87,electronic,0.07538278936193299,0.16214323728463753,1,-37.79668088341549,0,0.08484880912974468,0.26759231288754914,0.7072266099043585,0.7523835502096496,0.8696495771567058,75.02854345483804,250801,5,42,hotel california welcome to the hotel california
track_0875,Song 875,Artist 87,jazz,0.5496488272033981,0.004649282685263101,7,-58.974168920175224,1,0.347667773173704,0.41832071435998597,0.7279355563718185,0.9948294782007879,0.2584824616370449,106.20435100239058,180105,4,38,stairway to heaven and she's buying a stairway to heaven
track_0876,Song 876,Artist 87,reggae,0.3710250632694402,0.5544280550719444,9,-17.309893642627493,0,0.0005053033824646835,0.5985805120659516,0.23842835701859033,0.848805545875128,0.15790943769456367,176.03419891609093,120008,3,84,imagine all the people living life in peace
track_0877,Song 877,Artist 87,classical,0.1379909331926057,0.46480323189033257,11,-0.8214809459015271,0,0.9046119327045447,0.18398018595597332,0.062038952171634465,0.34431825567819463,0.023210168797339614,99.56915462650159,169235,5,39,love me tender love me true all my dreams fulfill
track_0878,Song 878,Artist 87,electronic,0.49482361760641325,0.8144058979896015,8,-14.736299225525102,0,0.25518165438059526,0.18337631088448336,0.1789485999674708,0.11496169032704129,0.059668885208621125,160.5542809509604,117049,5,20,nothing else matters nothing else matters
track_0879,Song 879,Artist 87,country,0.3948945237985454,0.616777890839091,8,-25.80209156533136,0,0.22501004129738167,0.7558895609878696,0.015131256072626442,0.6125970583535508,0.8808970276697006,191.77840100994413,290698,4,75,yesterday all my troubles seemed so far away
track_0880,Song 880,Artist 88,hip-hop,0.055318960247865645,0.00018612292511233086,5,-51.88165504138014,1,0.6885029436760425,0.908019452797099,0.33162468344762386,0.7911345694343926,0.9928244442463481,119.63793181310473,274354,4,68,love me tender love me true all my dreams fulfill
track_0881,Song 881,Artist 88,classical,0.6506830528027561,0.31035940410011975,5,-40.02207493637224,1,0.8446372675021826,0.04297422019473818,0.8414264661951385,0.3401535167011558,0.526363248457731,177.36280038943949,249441,4,31,yesterday all my troubles seemed so far away
track_0882,Song 882,Artist 88,rock,0.21474549104521756,0.5621357504222072,0,-14.359943689576731,1,0.7014201865464429,0.20201559968123828,0.85133154451084,0.714610280269417,0.3991414409503762,70.99379000200605,107548,4,84,we are the champions my friends
track_0883,Song 883,Artist 88,country,0.5053814141002001,0.7956909263228921,9,-38.282023538730684,0,0.22943530832731718,0.27465062732894485,0.9849390372839415,0.241568630630002,0.9837163843443468,198.33991396854287,295840,4,0,yesterday all my troubles seemed so far away
track_0884,Song 884,Artist 88,country,0.9472129358981649,0.19149601510879632,8,-2.4133958021550157,0,0.40193446904171315,0.9206028027928536,0.8923325912304799,0.9762132457834735,0.6023929232937046,148.0457700451621,158004,5,23,smells like teen spirit with the lights out
track_0885,Song 885,Artist 88,hip-hop,0.5621983945809887,0.07220257254816631,0,-56.071927186274614,1,0.04156796439416832,0.7018653110343498,0.8120033782299153,0.8506037720419917,0.9484111696524098,162.32810710150875,211780,4,65,sweet child of mine she's got eyes of the bluest skies
track_0886,Song 886,Artist 88,pop,0.7804547524729276,0.9659304698829418,8,-53.02142729231301,1,0.3550036494568227,0.06562328228883574,0.7414905616430483,0.9479767331200386,0.539338564660213,111.92120765845752,70299,4,18,sweet child of mine she's got eyes of the bluest skies
track_0887,Song 887,Artist 88,electronic,0.4692508634665348,0.38010763842472184,8,-55.82505062808685,0,0.36569192895616875,0.6530270077289787,0.6319700241794456,0.5485963400369996,0.7329057021275309,199.7982522091741,96530,4,11,smells like teen spirit with the lights out
track_0888,Song 888,Artist 88,hip-hop,0.5266091490996732,0.581544365393545,1,-32.07254361896223,1,0.2009043159059556,0.8923556556201292,0.4627986639266427,0.5910792262881644,0.7749066526859841,89.62354759019321,104444,4,53,imagine all the people living life in peace
track_0889,Song 889,Artist 88,rock,0.4452502119266476,0.22795612177258284,1,-36.488683174856874,1,0.8260753488972538,0.9955509988203263,0.32315345400404705,0.9494070303281136,0.09651209814081207,111.2460078717816,220909,5,97,bohemian rhapsody is this the real life
track_0890,Song 890,Artist 89,classical,0.8211899294050358,0.23471965122317529,5,-27.989241341767475,1,0.08266032060250972,0.5959199427451664,0.43984678760423357,0.5881514497346926,0.9329291788576117,186.98187971926518,147452,4,96,smells like teen spirit with the lights out
track_0891,Song 891,Artist 89,classical,0.7126382473591137,0.7111313196611083,5,-8.555762177406692,1,0.9425686222691932,0.5733235348126925,0.4715586940298362,0.1126579683566058,0.6508043579340483,139.50727466810187,139434,4,98,stairway to heaven and she's buying a stairway to heaven
track_0892,Song 892,Artist 89,reggae,0.5731316625248648,0.40865873164815447,3,-43.7541282661478,1,0.0953426654333579,0.08870454979234721,0.33507940765290656,0.6488096435095516,0.9622499065234077,103.75534869354092,212954,5,22,imagine all the people living life in peace
track_0893,Song 893,Artist 89,classical,0.03848862948502774,0.5509535455231228,8,-5.392583060988258,1,0.9098122145125889,0.4957466078005254,0.33692851233932763,0.5587527042227652,0.25090190859086514,73.75922510921887,195381,3,56,nothing else matters nothing else matters
track_0894,Song 894,Artist 89,reggae,0.977980329603276,0.3784823046403979,3,-18.38897803365542,0,0.7227558817622882,0.11439986363610477,0.8510015730537492,0.8351957889805438,0.6188067662239125,137.7196060514687,265314,5,89,we are the champions my friends
track_0895,Song 895,Artist 89,classical,0.9170501546706795,0.5539683890933236,6,-28.311645215550115,0,0.051012148049883965,0.07032231701819658,0.48969890697760277,0.5138240023594322,0.9647573870596717,113.82493641783638,170685,5,13,bohemian rhapsody is this the real life
track_0896,Song 896,Artist 89,reggae,0.9788417714766016,0.4191979171665794,1,-39.80089623548545,1,0.04989927998539867,0.8163048744502902,0.3688963206777821,0.9536438284510299,0.1374189977979282,51.41019229988869,88467,4,17,nothing else matters nothing else matters
track_0897,Song 897,Artist 89,rock,0.006207578010858583,0.04052687948734868,1,-36.905153460947886,1,0.2313929544640757,0.5235073767895562,0.524565609576354,0.2859283538341181,0.4313915274688591,89.74730148437934,212164,5,9,yesterday all my troubles seemed so far away
track_0898,Song 898,Artist 89,country,0.18093782252146517,0.3669055275823033,6,-53.06081456565319,1,0.2684689308104503,0.13333392593692595,0.35667253341346006,0.6839725616821867,0.5780734633151238,76.31849377160937,106231,4,38,hotel california welcome to the hotel california
track_0899,Song 899,Artist 89,pop,0.8793609104637307,0.5403104399666726,0,-40.15624168020457,0,0.10374876814105483,0.11038840042252851,0.997766268130056,0.6894209274110594,0.8261165939619748,84.07379607228314,93833,3,51,nothing else matters nothing else matters
track_0900,Song 900,Artist 90,hip-hop,0.1892691474419429,0.8593540061100866,4,-7.32989133763337,1,0.33660612051343186,0.7304823197765666,0.9475700360713349,0.881376553560348,0.047381736412443476,77.22423968270127,274226,3,4,we are the champions my friends
track_0901,Song 901,Artist 90,rock,0.8629139804838166,0.9793236577741968,5,-9.085875917007918,0,0.4216917983859798,0.7345761820107631,0.1414829866441739,0.30379581479887074,0.4806200419399851,131.46577934944355,183892,3,3,bohemian rhapsody is this the real life
track_0902,Song 902,Artist 90,reggae,0.15031495862299304,0.11628424997591591,9,-14.497551884593086,0,0.22664246846082314,0.5805428660049752,0.06107420088357274,0.922961661250268,0.08563624106045609,69.67438436999755,138594,3,9,stairway to heaven and she's buying a stairway to heaven
track_0903,Song 903,Artist 90,country,0.6621813765562099,0.6789691689376038,6,-57.70522297851546,1,0.4593361397720852,0.9659115359223563,0.23829049093042587,0.34001123449408055,0.6222905932880415,74.47633099455027,188035,4,11,nothing else matters nothing else matters
track_0904,Song 904,Artist 90,hip-hop,0.12260425390320928,0.12986579151615518,11,-28.162626283505485,1,0.9430000113832439,0.0603281822250461,0.9328928037387101,0.13091259561287028,0.4807566744431915,155.53382835157953,113889,4,16,bohemian rhapsody is this the real life
track_0905,Song 905,Artist 90,rock,0.24002284452690803,0.32786315252033904,0,-33.65137020335,0,0.23479359267400168,0.4569468352065309,0.85476452303811,0.10994163202256035,0.7924235832349151,86.84701632176953,202612,3,92,love me tender love me true all my dreams fulfill
track_0906,Song 906,Artist 90,jazz,0.0034926701698660967,0.4566215112779738,10,-55.5847521423633,0,0.6117126337174186,0.8456478226983384,0.3005838791402965,0.16200950778806933,0.39570144392432316,104.14822943764224,69688,3,7,we are the champions my friends
track_0907,Song 907,Artist 90,reggae,0.6945816886828874,0.07338926544917435,8,-32.582976457573764,0,0.5385134709635487,0.9320677070177735,0.029515302832622603,0.6702052812761451,0.36500526340226336,113.772993047399,286543,5,46,sweet child of mine she's got eyes of the bluest skies
track_0908,Song 908,Artist 90,jazz,0.2059353670067371,0.48098614008701224,1,-23.11118495482941,1,0.6739502299659853,0.3647135382145612,0.3104176406618341,0.8799791718726813,0.19656398536155362,118.35822456093307,127438,5,13,nothing else matters nothing else matters
track_0909,Song 909,Artist 90,rock,0.8327944447523935,0.8495987720039673,8,-31.323724058133656,0,0.3782239814752929,0.3666748654870734,0.31070321147811686,0.28514211364126785,0.6170641428057615,61.15918896868142,179892,4,79,smells like teen spirit with the lights out
track_0910,Song 910,Artist 91,reggae,0.9899484380979188,0.8469190500537815,6,-32.6549002324696,1,0.34921725543773796,0.4294214926749913,0.5877877317484992,0.6009713171834736,0.39508175799441203,111.8075053346923,105933,5,14,sweet child of mine she's got eyes of the bluest skies
track_0911,Song 911,Artist 91,jazz,0.5589114077871956,0.2350550170624559,4,-6.275131322885045,0,0.0247293869816676,0.7788872063539384,0.8801402854388795,0.3463596341541222,0.8189764655307199,119.37794089451013,115326,4,77,sweet child of mine she's got eyes of the bluest skies
track_0912,Song 912,Artist 91,pop,0.11253635323009237,0.7489834077978477,10,-23.173269571280827,0,0.5005178772725729,0.9120386385374017,0.6208746181240424,0.8971324957333613,0.7100487961202198,97.9307099356837,101000,4,54,we are the champions my friends
track_0913,Song 913,Artist 91,country,0.7597402620177227,0.09030002221474254,5,-23.50370551677664,0,0.7268006662542246,0.6930335151391167,0.7440660235684219,0.0019313859674109368,0.8915519034609738,60.54156005949199,100864,5,52,stairway to heaven and she's buying a stairway to heaven
track_0914,Song 914,Artist 91,classical,0.48263083705782384,0.9766052309167045,4,-35.55464903923094,1,0.47693989625820676,0.252738592686086,0.5856090869991647,0.41684703563980496,0.7159333133562238,126.5171597077797,223415,5,11,sweet child of mine she's got eyes of the bluest skies
track_0915,Song 915,Artist 91,rock,0.5928497290407958,0.6579728195603786,1,-51.269242078141396,1,0.9908769179466287,0.37315562181745743,0.4938922231700317,0.7396476824856671,0.7717534629154741,170.10313081236183,263210,4,72,we are the champions my friends
track_0916,Song 916,Artist 91,electronic,0.15435857200224734,0.9533585715694514,6,-53.05172706561347,0,0.9903051189765765,0.21358039617797364,0.05049038863387001,0.9600634808217382,0.00926636134276182,88.0302494990058,222762,4,46,yesterday all my troubles seemed so far away
track_0917,Song 917,Artist 91,jazz,0.6324060022771374,0.002730993838867435,9,-12.258744061157536,0,0.8850707501120261,0.7149965504937605,0.87847670655843,0.08649119113552217,0.029969294200155594,51.07128292332206,204461,5,90,love me tender love me true all my dreams fulfill
track_0918,Song 918,Artist 91,country,0.7107631867294476,0.03706264322042663,5,-22.486008757243916,0,0.9212257069510944,0.4571745152345663,0.07191868270518309,0.8613865982895221,0.06062364720108837,79.01644630387841,292810,3,39,sweet child of mine she's got eyes of the bluest skies
track_0919,Song 919,Artist 91,hip-hop,0.4929937190700233,0.42685391854406396,3,-5.635139733628428,0,0.3651391265139994,0.11949922651762468,0.32651361790924593,0.47064916448100813,0.552536947577123,105.52944461353175,197524,3,37,imagine all the people living life in peace
track_0920,Song 920,Artist 92,electronic,0.6620501258006383,0.9213308911684986,7,-55.18770317590079,0,0.9979363593243918,0.2634361887051877,0.31862122043174546,0.778974310122639,0.3016543638745862,56.111459104572646,245810,5,90,sweet child of mine she's got eyes of the bluest skies
track_0921,Song 921,Artist 92,pop,0.3922131596076808,0.7897661925934367,10,-30.28633098050899,0,0.18700091501421678,0.3597865190495526,0.9311710453586471,0.4119399460018208,0.5064632182970976,127.42833859611656,143753,5,92,stairway to heaven and she's buying a stairway to heaven
track_0922,Song 922,Artist 92,country,0.1341222845665656,0.07273653244099043,7,-44.165804747854,1,0.8871683305867929,0.9790745598615823,0.816574536718886,0.9663943390711045,0.8423638913797171,168.36364328703638,252592,4,80,love me tender love me true all my dreams fulfill
track_0923,Song 923,Artist 92,hip-hop,0.44272932513591856,0.04898781660007079,0,-41.81202364892624,1,0.8228396873873225,0.17546870500926204,0.8822694035553755,0.6599762291744744,0.17481196163752943,114.43254573876179,233714,3,25,sweet child of mine she's got eyes of the bluest skies
track_0924,Song 924,Artist 92,reggae,0.16809579237519312,0.2504279705173428,5,-28.66351993439901,1,0.034609121235264495,0.48610931046697137,0.16748090260961956,0.025668573454880828,0.4412476496092582,184.05230257156296,222352,5,95,sweet child of mine she's got eyes of the bluest skies
track_0925,Song 925,Artist 92,jazz,0.028899961743899083,0.7990070160598559,8,-0.878237208673724,1,0.5472528107780464,0.015157899738452163,0.4194223123464632,0.6349843570770543,0.53078464107866,109.85065478517198,281331,4,73,bohemian rhapsody is this the real life
track_0926,Song 926,Artist 92,electronic,0.9239365269698784,0.12195717232787351,10,-49.11441764122139,0,0.826908035106007,0.20329789024403755,0.24743461787958643,0.7215097637382567,0.6750539373428801,158.60541235593513,273263,5,48,smells like teen spirit with the lights out
track_0927,Song 927,Artist 92,hip-hop,0.39939008079064997,0.5049985803063144,6,-21.250915229768772,1,0.7333124741006923,0.09164191288846701,0.5258953985598688,0.8792402061725023,0.4963096939675671,146.8658183850921,166220,5,61,yesterday all my troubles seemed so far away
track_0928,Song 928,Artist 92,rock,0.6518511542235905,0.052943107046093285,2,-42.38041977956868,0,0.4454508182508258,0.004391229615112291,0.9538086985533267,0.9905414635994327,0.47240041295249946,59.12604218144434,277723,3,47,sweet child of mine she's got eyes of the bluest skies
track_0929,Song 929,Artist 92,country,0.9015748221415725,0.028645394764078458,2,-21.071002567127778,1,0.51748666764436,0.049914705891495825,0.96086978782848,0.21994354974027386,0.39634721013028806,62.47146457504205,292782,5,1,imagine all the people living life in peace
track_0930,Song 930,Artist 93,rock,0.6899173914102614,0.34305658504954206,3,-19.022000661490686,1,0.28518734627810094,0.0758436695401381,0.7700792263562877,0.9322220679041152,0.9259754644031343,102.09437701187869,269041,5,48,nothing else matters nothing else matters
track_0931,Song 931,Artist 93,hip-hop,0.1424068187228078,0.6207191654637698,2,-19.47965711338594,1,0.6733299055091908,0.49922999294061143,0.8650188251720635,0.03541001797252219,0.8500843812436338,128.84094313512372,187912,5,43,yesterday all my troubles seemed so far away
track_0932,Song 932,Artist 93,country,0.7385939426842926,0.3365160444166745,1,-50.165357044358984,0,0.771910985485146,0.12286808037467434,0.04319430260164836,0.5524665814966033,0.7728794642643788,139.51181508692048,97019,5,5,bohemian rhapsody is this the real life
track_0933,Song 933,Artist 93,hip-hop,0.2761364893183874,0.2648992488366173,6,-16.14490372779857,0,0.46563897741606164,0.4710056902942972,0.4455851991099874,0.10565201650578926,0.6976474959217294,86.84038638360084,236901,3,67,imagine all the people living life in peace
track_0934,Song 934,Artist 93,country,0.7274774266576747,0.02501832097674228,2,-2.5308645260477576,0,0.556650746055215,0.259804132904945,0.12805655580970599,0.7009885579468979,0.9393142219154555,182.50997368397805,161241,4,94,nothing else matters nothing else matters
track_0935,Song 935,Artist 93,rock,0.6181206264435585,0.3051442997490674,8,-39.431945642862395,1,0.4390849427890535,0.8823279738118379,0.5247498951983252,0.3741229086160034,0.6703202741009492,110.8534801097415,149855,3,1,hotel california welcome to the hotel california
track_0936,Song 936,Artist 93,reggae,0.17032068601159667,0.9184080616913504,5,-4.667811196216682,1,0.5902519473170866,0.42163809909418537,0.5351519035260378,0.33884954181128646,0.5528092784898926,91.51307832324395,70452,3,59,stairway to heaven and she's buying a stairway to heaven
track_0937,Song 937,Artist 93,reggae,0.3621732899610359,0.6438230515183359,3,-55.500108160710575,0,0.06954497289578909,0.770978420382554,0.45356170946268215,0.28200641470209353,0.04776946712992358,156.49238148814112,169176,4,0,imagine all the people living life in peace
track_0938,Song 938,Artist 93,hip-hop,0.3019629707282828,0.7489914479133045,7,-16.215186048877555,0,0.440387616146961,0.468801496690069,0.05627598949930679,0.5416176678707919,0.10746826724812397,73.7465090641211,292084,3,62,sweet child of mine she's got eyes of the bluest skies
track_0939,Song 939,Artist 93,jazz,0.7668936235502001,0.11233052476514416,10,-22.34657197598571,0,0.5408021191697298,0.5395945541058002,0.8561996247903345,0.3193906598699052,0.7827493115762508,179.98200167545812,256386,4,85,nothing else matters nothing else matters
track_0940,Song 940,Artist 94,country,0.43996825217809643,0.41514070419312754,8,-1.6625145315937004,0,0.6070766655083726,0.44039460663618446,0.7767435192889339,0.019792183045828637,0.2831816212146241,138.27062290637747,164794,5,16,we are the champions my friends
track_0941,Song 941,Artist 94,rock,0.9519787206577892,0.02542631782145488,1,-12.447352826702883,1,0.9795766795308115,0.7991114999325365,0.5506693871681768,0.8114660495119559,0.95464362063012,149.71008630871808,91870,4,16,we are the champions my friends
track_0942,Song 942,Artist 94,reggae,0.5497152616388484,0.6216964357363646,1,-31.191640111878623,0,0.8508002629444171,0.6982716375476475,0.385897662200412,0.7263465731836192,0.7403302149833277,89.46880123231017,180706,4,19,love me tender love me true all my dreams fulfill
track_0943,Song 943,Artist 94,pop,0.6852880434469532,0.34747990174604515,2,-43.149755893294085,0,0.1613230749691722,0.4338760750635191,0.25446026416144973,0.9704046406631276,0.328423181782061,64.85953887945406,180650,4,23,nothing else matters nothing else matters
track_0944,Song 944,Artist 94,reggae,0.33463214628487026,0.6778925121040474,8,-30.626017319936476,1,0.415241074308458,0.149575157354096,0.5715072489959245,0.33334424920172034,0.5433395130621228,55.99674852317619,266157,4,15,we are the champions my friends
track_0945,Song 945,Artist 94,pop,0.7034718300794631,0.1375910116583966,4,-31.41720168947039,1,0.2120266374383044,0.47953366671203757,0.09481881193947206,0.2978201791108174,0.5698005161019217,155.45015119911383,89158,5,79,hotel california welcome to the hotel california
track_0946,Song 946,Artist 94,pop,0.32755239651936974,0.3287623410626369,5,-43.20503418196016,0,0.044657694286185934,0.4961527819419783,0.9372980446988756,0.8063400539816656,0.978166737274153,128.88141096205192,229895,3,1,sweet child of mine she's got eyes of the bluest skies
track_0947,Song 947,Artist 94,rock,0.013797945498652542,0.5202882762153648,9,-42.80797406684812,0,0.6715780513241424,0.17453230769523853,0.6063211855916425,0.22626780511426792,0.7263948739348911,178.95750305288615,117945,3,39,imagine all the people living life in peace
track_0948,Song 948,Artist 94,reggae,0.44878074956787295,0.6782695810258286,6,-52.297688147998336,1,0.032520262355193785,0.17163550975370767,0.439677190510095,0.36378196335972734,0.48097959010232716,127.67931344202239,139189,5,81,smells like teen spirit with the lights out
track_0949,Song 949,Artist 94,reggae,0.18455587624593195,0.3033235988384181,8,-34.391334745157636,1,0.7696085016266476,0.9364754697987507,0.5822271433853654,0.29815232506554157,0.7440672865376744,113.90281372923779,75804,3,25,stairway to heaven and she's buying a stairway to heaven
track_0950,Song 950,Artist 95,rock,0.8482757273903524,0.039710383071650424,3,-33.77033761287345,0,0.6230781410808376,0.8297288160408166,0.4488156714657713,0.8997491679999877,0.29701392951166505,96.88339361039456,197918,3,10,we are the champions my friends
track_0951,Song 951,Artist 95,jazz,0.5621001628194023,0.18606946877560493,6,-18.066539113408787,1,0.9313241864440074,0.6045131567124036,0.5317585409295238,0.5323400353509932,0.3801564753032939,108.27703887971609,247387,5,56,nothing else matters nothing else matters
track_0952,Song 952,Artist 95,rock,0.09139003175699112,0.5805369502065517,4,-10.91382840571194,0,0.4965279784607558,0.13781559372651564,0.5070373384504859,0.30479227105171613,0.23983626245420464,181.39186210776143,191708,5,77,yesterday all my troubles seemed so far away
track_0953,Song 953,Artist 95,jazz,0.36085140355304424,0.9595224524879757,3,-57.53676321846296,1,0.3482487337488066,0.836015021331087,0.766260058608543,0.912139213243344,0.21618239538654183,100.31752830290587,89260,5,91,love me tender love me true all my dreams fulfill
track_0954,Song 954,Artist 95,electronic,0.2776062763988081,0.7080271042550138,0,-52.241211407278406,1,0.23133189202871152,0.39060764529122616,0.040203395369246,0.6036449765618559,0.19320083774675467,163.48826472753308,79323,3,49,sweet child of mine she's got eyes of the bluest skies
track_0955,Song 955,Artist 95,classical,0.08956622010655202,0.12220139616271253,4,-28.2547439447036,0,0.24815693449539766,0.5844278292752283,0.8548328141334981,0.33922702099571456,0.7445351624738239,168.12906774047548,251140,5,50,we are the champions my friends
track_0956,Song 956,Artist 95,jazz,0.8302151509921198,0.6932617230934035,8,-33.03108178304562,1,0.327242160922371,0.5175856178787024,0.7661544333925178,0.7416767717458806,0.37500319270647764,50.37592083205505,193067,4,40,bohemian rhapsody is this the real life
track_0957,Song 957,Artist 95,rock,0.5959686781331165,0.2709342396854313,7,-44.35520898613407,0,0.7783511914102355,0.6579420290946857,0.3921199025619919,0.684492617372619,0.983798347521518,63.006850212164,284738,5,8,sweet child of mine she's got eyes of the bluest skies
track_0958,Song 958,Artist 95,rock,0.7701554273621438,0.2777081018315961,6,-41.050728230524555,1,0.5886399473405394,0.5753557931695797,0.18206576909891703,0.20228440287343286,0.196340128346434,73.98763390328136,134677,3,39,bohemian rhapsody is this the real life
track_0959,Song 959,Artist 95,hip-hop,0.5183233063300295,0.21189530454676908,11,-42.5361773497589,0,0.4475409401464493,0.7470420290363277,0.8779267132048604,0.09456489118297484,0.6125495364667592,111.43729293188785,95907,3,33,hotel california welcome to the hotel california
track_0960,Song 960,Artist 96,electronic,0.5131809072369607,0.8812165298923147,9,-29.50774619806356,1,0.58770024584137,0.9833970502263928,0.35650206357408876,0.04508168403229218,0.5210810147733725,199.44607099826544,235662,5,74,sweet child of mine she's got eyes of the bluest skies
track_0961,Song 961,Artist 96,classical,0.08717565030282048,0.9988291006718955,0,-57.34079108731607,1,0.7646809118626835,0.7566095843238088,0.48537838212266227,0.05723003400029825,0.18739585589630203,62.22821888026036,155466,5,61,stairway to heaven and she's buying a stairway to heaven
track_0962,Song 962,Artist 96,jazz,0.026254475781146258,0.664045975131233,5,-19.12825329759839,1,0.635768991090909,0.771473050516887,0.8893102282366343,0.07866773400180038,0.05206398257220757,91.4531049043302,292168,4,84,stairway to heaven and she's buying a stairway to heaven
track_0963,Song 963,Artist 96,rock,0.7736327439609396,0.30089930794150765,6,-28.856658753985485,0,0.40531408569881977,0.144788294942086,0.746194457518683,0.8071460744848117,0.045826850806261143,72.83831961445846,111936,5,38,nothing else matters nothing else matters
track_0964,Song 964,Artist 96,jazz,0.41710003859425304,0.30284169297996166,0,-5.884523024597897,1,0.9966578300829741,0.13424554351192852,0.1930225620053896,0.7997607069193146,0.11426717417449539,100.77096781578393,187304,5,37,smells like teen spirit with the lights out
track_0965,Song 965,Artist 96,rock,0.9359311593829006,0.582628529233677,5,-10.34353195715444,1,0.5376306103403907,0.770060990358691,0.6864270357376762,0.6785995022992386,0.8178059843554052,74.1597871754724,156570,3,21,bohemian rhapsody is this the real life
track_0966,Song 966,Artist 96,pop,0.9050691480140859,0.9681171248541869,4,-3.49381832422592,0,0.9957291867895485,0.7240890260926893,0.9018872637237451,0.6793246410935488,0.7625633319949194,181.6725192343786,296356,5,45,we are the champions my friends
track_0967,Song 967,Artist 96,pop,0.6279059533314835,0.16864502564440653,6,-40.69843611237448,1,0.6993651797586027,0.12735544981231317,0.2891406592191794,0.9837460844537276,0.7343307220187408,70.45022454682955,137568,4,20,stairway to heaven and she's buying a stairway to heaven
track_0968,Song 968,Artist 96,country,0.583176667502474,0.9534023017401511,11,-7.366600591499974,0,0.42583278766432786,0.32579656240062216,0.3611570747340521,0.17685271359288413,0.6164286973983746,146.35413710638167,179056,4,49,stairway to heaven and she's buying a stairway to heaven
track_0969,Song 969,Artist 96,jazz,0.9677091029966374,0.40357854949683913,0,-46.050496246679295,1,0.7085568106806067,0.5072884089567129,0.025556058506875146,0.599993702725191,0.27012200768635775,71.47712711919328,72116,3,60,hotel california welcome to the hotel california
track_0970,Song 970,Artist 97,rock,0.011887754355368374,0.03916537550561272,3,-43.1248712227962,1,0.8134570955582436,0.6241793867528975,0.4550302115393867,0.10196075439018426,0.1196468943169644,138.23728693830233,171260,5,50,love me tender love me true all my dreams fulfill
track_0971,Song 971,Artist 97,country,0.7513504523994717,0.22818678053593788,1,-14.915114105537846,1,0.8472031457686078,0.42001136385220794,0.9995096598598391,0.8138822655126025,0.5324078063143642,121.22096586214884,255088,4,98,imagine all the people living life in peace
track_0972,Song 972,Artist 97,electronic,0.4712445846511395,0.7397191085340448,9,-59.35468023726873,0,0.7942604767301028,0.03764019731098556,0.5003115517088115,0.542152200734153,0.4226231726059543,110.77965509098942,205479,4,33,nothing else matters nothing else matters
track_0973,Song 973,Artist 97,pop,0.2880961986873387,0.9015501293307115,2,-43.990559507284146,1,0.4747359807847039,0.09172188769950129,0.16286354695542782,0.2428972019558383,0.00844111867814834,117.31343628273555,194056,4,14,sweet child of mine she's got eyes of the bluest skies
track_0974,Song 974,Artist 97,jazz,0.6968543685359855,0.08235589928848319,3,-17.86504583845057,1,0.24980496588937717,0.8834737761200344,0.015280929179191993,0.1417043420790045,0.7134678298149346,190.72386952274965,282251,5,23,yesterday all my troubles seemed so far away
track_0975,Song 975,Artist 97,pop,0.45913868854571327,0.7778426482844399,10,-51.10814621232609,0,0.7650603457600367,0.5683987066479036,0.6216372023577187,0.23761435046522938,0.9546004579584021,140.2463080077834,290431,3,54,stairway to heaven and she's buying a stairway to heaven
track_0976,Song 976,Artist 97,rock,0.44456700664627413,0.9963847353026638,11,-42.6361760209321,0,0.82974203567963,0.14850606049371584,0.5963155390968937,0.039634010351447535,0.5616367334780047,104.30809323491553,247187,5,27,we are the champions my friends
track_0977,Song 977,Artist 97,jazz,0.166089586629929,0.5029777355459686,2,-8.909275944902475,1,0.4079382976499216,0.37477257018040655,0.8132703173096603,0.8129531330514066,0.9954263055382067,89.93971406197613,177442,4,70,yesterday all my troubles seemed so far away
track_0978,Song 978,Artist 97,country,0.39557445586625184,0.2506724708779037,7,-55.99823936157658,1,0.33990304099305146,0.24503313413197736,0.6909924007337647,0.46988842658755947,0.7520811053606856,129.3546595430003,143499,5,73,nothing else matters nothing else matters
track_0979,Song 979,Artist 97,country,0.4789613585811946,0.580935713283724,2,-49.65177316489856,1,0.3581147325292584,0.9181127770427663,0.9963852486766397,0.2197067513073956,0.7873246189043669,92.26205734347525,242511,3,90,smells like teen spirit with the lights out
track_0980,Song 980,Artist 98,reggae,0.0756529511958306,0.11603781193290474,1,-47.024819887482664,0,0.7190884333362313,0.9917225010608602,0.506065049430195,0.9116070029967741,0.4572190557510313,81.4894124720807,190389,3,94,smells like teen spirit with the lights out
track_0981,Song 981,Artist 98,country,0.12670604111703854,0.4745247193486757,11,-42.90579879301993,1,0.5027683047318096,0.013296340201012335,0.5414851532733055,0.7859351099177829,0.02760971808508106,65.72192959324943,252254,3,70,hotel california welcome to the hotel california
track_0982,Song 982,Artist 98,reggae,0.44720011805426196,0.058857596858769456,11,-12.949779897763548,0,0.8802286594214584,0.10625148675327478,0.0034324994043534174,0.13738357551524116,0.9747428667502855,55.14232649263393,164052,4,49,smells like teen spirit with the lights out
track_0983,Song 983,Artist 98,country,0.9425593350374747,0.42223427112947565,11,-3.353613036207676,1,0.9115834123069003,0.14000448551356925,0.007709235722985763,0.7786520315121183,0.49197242110665595,134.82750566113657,79942,3,50,hotel california welcome to the hotel california
track_0984,Song 984,Artist 98,reggae,0.33044731983612285,0.9393895650681473,8,-33.36464955319811,0,0.5698254697072805,0.5862989410882693,0.7898125776570094,0.6083682440395668,0.35203115531948603,90.30053042251052,116840,5,0,hotel california welcome to the hotel california
track_0985,Song 985,Artist 98,rock,0.8371941888351885,0.03309583327570598,4,-1.1871388119374089,0,0.7999332632529025,0.9641357062796247,0.8504448397887943,0.8388151234477321,0.21205170662907113,102.71928212878761,152191,3,50,hotel california welcome to the hotel california
track_0986,Song 986,Artist 98,pop,0.0705835778008923,0.18082683921299392,7,-3.5384877991631214,0,0.8507864660189756,0.49323892840380734,0.42743708033299,0.5460614794301761,0.27572906649082807,86.1501655479498,245056,4,15,imagine all the people living life in peace
track_0987,Song 987,Artist 98,jazz,0.8567022865491264,0.9447901300229916,5,-4.041932983276794,0,0.6927692348463478,0.8077736458640834,0.2106294807592416,0.5611885371500616,0.9792532976766267,134.92766626094885,229938,5,18,bohemian rhapsody is this the real life
track_0988,Song 988,Artist 98,hip-hop,0.26154409528590095,0.42511187786074134,5,-21.770290410497523,0,0.14826415485783506,0.6636784479592435,0.761838260565586,0.5717187227887832,0.7914788134926445,185.79602068180066,71168,5,90,smells like teen spirit with the lights out
track_0989,Song 989,Artist 98,electronic,0.844047551907551,0.4163884888979619,4,-5.540474054728591,1,0.4001795298857592,0.6548784364710922,0.26951362395766343,0.6964794307065668,0.8525827571423208,195.85246948145158,169168,3,70,we are the champions my friends
track_0990,Song 990,Artist 99,reggae,0.06828894319831524,0.8334054001341117,8,-44.42394342829326,0,0.37589574794766856,0.29498838079706335,0.21432898682608104,0.47028395201367046,0.22618542997534363,120.23933905654064,86625,3,54,imagine all the people living life in peace
track_0991,Song 991,Artist 99,rock,0.94492568140137,0.7795878654860895,6,-10.869789432120541,1,0.4414121489694576,0.26603122020717695,0.9540841585496782,0.10770682218832672,0.1258697171853166,65.07863118193346,229839,5,22,bohemian rhapsody is this the real life
track_0992,Song 992,Artist 99,rock,0.7303648200850394,0.5472298594194485,3,-34.3661486051041,1,0.924805409107065,0.7953052891487037,0.09619978779059313,0.5677882298033713,0.036134401257763904,134.4849765028348,81582,4,51,sweet child of mine she's got eyes of the bluest skies
track_0993,Song 993,Artist 99,country,0.8772758675262882,0.17814756436250112,0,-21.24098132617656,1,0.31465140300495176,0.19025982721199342,0.6465543365909859,0.6662025931868216,0.9700836254600257,176.51487488643903,278913,4,63,yesterday all my troubles seemed so far away
track_0994,Song 994,Artist 99,country,0.55863007917389,0.5279335982578792,1,-35.310350401366016,0,0.8025210036895836,0.7203017932248968,0.7798269759545515,0.7474183402205145,0.8247959162027602,74.73423790857312,208630,4,30,stairway to heaven and she's buying a stairway to heaven
track_0995,Song 995,Artist 99,reggae,0.9211989930537061,0.17888165411949053,1,-4.472546949889775,1,0.7150456324770903,0.600293696627877,0.3651198102620191,0.740645860110629,0.7808537995139783,128.69547086399757,261270,3,32,stairway to heaven and she's buying a stairway to heaven
track_0996,Song 996,Artist 99,country,0.21940154487874342,0.6037071615027932,4,-57.89107309051007,0,0.9564181313998334,0.7052983943692245,0.9083999170079858,0.19227862523862205,0.07264357869869642,119.73840217284393,126619,3,98,nothing else matters nothing else matters
track_0997,Song 997,Artist 99,electronic,0.5409052065271037,0.7679567732890054,11,-22.445320858205697,0,0.029721663120612862,0.9668055093491142,0.9067725174674166,0.42634782540402183,0.7309159299065581,63.4204645159961,153470,4,63,bohemian rhapsody is this the real life
track_0998,Song 998,Artist 99,hip-hop,0.5795714120969966,0.8962821447060334,1,-16.55161159815104,0,0.21063089681828862,0.110641130162488,0.8208137963548802,0.505120641734383,0.03360414566148928,187.85987795041456,161922,5,82,imagine all the people living life in peace
track_0999,Song 999,Artist 99,rock,0.9419982582975494,0.2574348601647527,9,-34.06358098209944,1,0.5072806470775718,0.19899804386993947,0.8548788795671015,0.7660380655593834,0.320524257345421,125.58375828030016,249706,4,36,imagine all the people living life in peace
